id,split,capture_group,source_dataset,width,height,input_path,gt_path,p90_path,dolp_path
108_2025_1570,test,108,original-clean-v3,496,416,/share/linmingheng-local/xuke/datasets/rmagnet_sma_dataset2/blended/108_2025_1570.png,/share/linmingheng-local/xuke/datasets/rmagnet_sma_dataset2/transmission_layer/108_2025_1570.png,/share/linmingheng-local/xuke/datasets/rmagnet_sma_dataset2/reflection_90/108_2025_1570.png,/share/linmingheng-local/xuke/datasets/rmagnet_sma_dataset2/dolp/108_2025_1570.png
108_3635_1621,test,108,original-clean-v3,320,608,/share/linmingheng-local/xuke/datasets/rmagnet_sma_dataset2/blended/108_3635_1621.png,/share/linmingheng-local/xuke/datasets/rmagnet_sma_dataset2/transmission_layer/108_3635_1621.png,/share/linmingheng-local/xuke/datasets/rmagnet_sma_dataset2/reflection_90/108_3635_1621.png,/share/linmingheng-local/xuke/datasets/rmagnet_sma_dataset2/dolp/108_3635_1621.png
111_2924_1604,test,111,original-clean-v3,464,432,/share/linmingheng-local/xuke/datasets/rmagnet_sma_dataset2/blended/111_2924_1604.png,/share/linmingheng-local/xuke/datasets/rmagnet_sma_dataset2/transmission_layer/111_2924_1604.png,/share/linmingheng-local/xuke/datasets/rmagnet_sma_dataset2/reflection_90/111_2924_1604.png,/share/linmingheng-local/xuke/datasets/rmagnet_sma_dataset2/dolp/111_2924_1604.png
111_830_1325,test,111,original-clean-v3,448,448,/share/linmingheng-local/xuke/datasets/rmagnet_sma_dataset2/blended/111_830_1325.png,/share/linmingheng-local/xuke/datasets/rmagnet_sma_dataset2/transmission_layer/111_830_1325.png,/share/linmingheng-local/xuke/datasets/rmagnet_sma_dataset2/reflection_90/111_830_1325.png,/share/linmingheng-local/xuke/datasets/rmagnet_sma_dataset2/dolp/111_830_1325.png
141_3946_2327,test,141,original-clean-v3,672,272,/share/linmingheng-local/xuke/datasets/rmagnet_sma_dataset2/blended/141_3946_2327.png,/share/linmingheng-local/xuke/datasets/rmagnet_sma_dataset2/transmission_layer/141_3946_2327.png,/share/linmingheng-local/xuke/datasets/rmagnet_sma_dataset2/reflection_90/141_3946_2327.png,/share/linmingheng-local/xuke/datasets/rmagnet_sma_dataset2/dolp/141_3946_2327.png
153_3556_2410,test,153,original-clean-v3,288,672,/share/linmingheng-local/xuke/datasets/rmagnet_sma_dataset2/blended/153_3556_2410.png,/share/linmingheng-local/xuke/datasets/rmagnet_sma_dataset2/transmission_layer/153_3556_2410.png,/share/linmingheng-local/xuke/datasets/rmagnet_sma_dataset2/reflection_90/153_3556_2410.png,/share/linmingheng-local/xuke/datasets/rmagnet_sma_dataset2/dolp/153_3556_2410.png
17_2048_1554,test,17,original-clean-v3,496,368,/share/linmingheng-local/xuke/datasets/rmagnet_sma_dataset2/blended/17_2048_1554.png,/share/linmingheng-local/xuke/datasets/rmagnet_sma_dataset2/transmission_layer/17_2048_1554.png,/share/linmingheng-local/xuke/datasets/rmagnet_sma_dataset2/reflection_90/17_2048_1554.png,/share/linmingheng-local/xuke/datasets/rmagnet_sma_dataset2/dolp/17_2048_1554.png
197_2230_1448,test,197,data_set2,336,320,/share/linmingheng-local/xuke/datasets/rmagnet_sma_dataset2/blended/197_2230_1448.png,/share/linmingheng-local/xuke/datasets/rmagnet_sma_dataset2/transmission_layer/197_2230_1448.png,/share/linmingheng-local/xuke/datasets/rmagnet_sma_dataset2/reflection_90/197_2230_1448.png,/share/linmingheng-local/xuke/datasets/rmagnet_sma_dataset2/dolp/197_2230_1448.png
201_2159_2184,test,201,data_set2,480,416,/share/linmingheng-local/xuke/datasets/rmagnet_sma_dataset2/blended/201_2159_2184.png,/share/linmingheng-local/xuke/datasets/rmagnet_sma_dataset2/transmission_layer/201_2159_2184.png,/share/linmingheng-local/xuke/datasets/rmagnet_sma_dataset2/reflection_90/201_2159_2184.png,/share/linmingheng-local/xuke/datasets/rmagnet_sma_dataset2/dolp/201_2159_2184.png
21_2140_824,test,21,original-clean-v3,400,464,/share/linmingheng-local/xuke/datasets/rmagnet_sma_dataset2/blended/21_2140_824.png,/share/linmingheng-local/xuke/datasets/rmagnet_sma_dataset2/transmission_layer/21_2140_824.png,/share/linmingheng-local/xuke/datasets/rmagnet_sma_dataset2/reflection_90/21_2140_824.png,/share/linmingheng-local/xuke/datasets/rmagnet_sma_dataset2/dolp/21_2140_824.png
244_1850_759,test,244,data_set2,608,320,/share/linmingheng-local/xuke/datasets/rmagnet_sma_dataset2/blended/244_1850_759.png,/share/linmingheng-local/xuke/datasets/rmagnet_sma_dataset2/transmission_layer/244_1850_759.png,/share/linmingheng-local/xuke/datasets/rmagnet_sma_dataset2/reflection_90/244_1850_759.png,/share/linmingheng-local/xuke/datasets/rmagnet_sma_dataset2/dolp/244_1850_759.png
244_1924_1298,test,244,data_set2,544,384,/share/linmingheng-local/xuke/datasets/rmagnet_sma_dataset2/blended/244_1924_1298.png,/share/linmingheng-local/xuke/datasets/rmagnet_sma_dataset2/transmission_layer/244_1924_1298.png,/share/linmingheng-local/xuke/datasets/rmagnet_sma_dataset2/reflection_90/244_1924_1298.png,/share/linmingheng-local/xuke/datasets/rmagnet_sma_dataset2/dolp/244_1924_1298.png
244_1981_1799,test,244,data_set2,336,320,/share/linmingheng-local/xuke/datasets/rmagnet_sma_dataset2/blended/244_1981_1799.png,/share/linmingheng-local/xuke/datasets/rmagnet_sma_dataset2/transmission_layer/244_1981_1799.png,/share/linmingheng-local/xuke/datasets/rmagnet_sma_dataset2/reflection_90/244_1981_1799.png,/share/linmingheng-local/xuke/datasets/rmagnet_sma_dataset2/dolp/244_1981_1799.png
244_2576_1372,test,244,data_set2,464,432,/share/linmingheng-local/xuke/datasets/rmagnet_sma_dataset2/blended/244_2576_1372.png,/share/linmingheng-local/xuke/datasets/rmagnet_sma_dataset2/transmission_layer/244_2576_1372.png,/share/linmingheng-local/xuke/datasets/rmagnet_sma_dataset2/reflection_90/244_2576_1372.png,/share/linmingheng-local/xuke/datasets/rmagnet_sma_dataset2/dolp/244_2576_1372.png
247_1402_584,test,247,data_set2,544,352,/share/linmingheng-local/xuke/datasets/rmagnet_sma_dataset2/blended/247_1402_584.png,/share/linmingheng-local/xuke/datasets/rmagnet_sma_dataset2/transmission_layer/247_1402_584.png,/share/linmingheng-local/xuke/datasets/rmagnet_sma_dataset2/reflection_90/247_1402_584.png,/share/linmingheng-local/xuke/datasets/rmagnet_sma_dataset2/dolp/247_1402_584.png
247_1447_1313,test,247,data_set2,544,384,/share/linmingheng-local/xuke/datasets/rmagnet_sma_dataset2/blended/247_1447_1313.png,/share/linmingheng-local/xuke/datasets/rmagnet_sma_dataset2/transmission_layer/247_1447_1313.png,/share/linmingheng-local/xuke/datasets/rmagnet_sma_dataset2/reflection_90/247_1447_1313.png,/share/linmingheng-local/xuke/datasets/rmagnet_sma_dataset2/dolp/247_1447_1313.png
256_1008_906,test,256,data_set2,480,400,/share/linmingheng-local/xuke/datasets/rmagnet_sma_dataset2/blended/256_1008_906.png,/share/linmingheng-local/xuke/datasets/rmagnet_sma_dataset2/transmission_layer/256_1008_906.png,/share/linmingheng-local/xuke/datasets/rmagnet_sma_dataset2/reflection_90/256_1008_906.png,/share/linmingheng-local/xuke/datasets/rmagnet_sma_dataset2/dolp/256_1008_906.png
35_1281_1678,test,35,original-clean-v3,480,416,/share/linmingheng-local/xuke/datasets/rmagnet_sma_dataset2/blended/35_1281_1678.png,/share/linmingheng-local/xuke/datasets/rmagnet_sma_dataset2/transmission_layer/35_1281_1678.png,/share/linmingheng-local/xuke/datasets/rmagnet_sma_dataset2/reflection_90/35_1281_1678.png,/share/linmingheng-local/xuke/datasets/rmagnet_sma_dataset2/dolp/35_1281_1678.png
35_3101_1109,test,35,original-clean-v3,432,448,/share/linmingheng-local/xuke/datasets/rmagnet_sma_dataset2/blended/35_3101_1109.png,/share/linmingheng-local/xuke/datasets/rmagnet_sma_dataset2/transmission_layer/35_3101_1109.png,/share/linmingheng-local/xuke/datasets/rmagnet_sma_dataset2/reflection_90/35_3101_1109.png,/share/linmingheng-local/xuke/datasets/rmagnet_sma_dataset2/dolp/35_3101_1109.png
43_3705_2170,test,43,original-clean-v3,320,608,/share/linmingheng-local/xuke/datasets/rmagnet_sma_dataset2/blended/43_3705_2170.png,/share/linmingheng-local/xuke/datasets/rmagnet_sma_dataset2/transmission_layer/43_3705_2170.png,/share/linmingheng-local/xuke/datasets/rmagnet_sma_dataset2/reflection_90/43_3705_2170.png,/share/linmingheng-local/xuke/datasets/rmagnet_sma_dataset2/dolp/43_3705_2170.png
55_1672_1162,test,55,original-clean-v3,400,480,/share/linmingheng-local/xuke/datasets/rmagnet_sma_dataset2/blended/55_1672_1162.png,/share/linmingheng-local/xuke/datasets/rmagnet_sma_dataset2/transmission_layer/55_1672_1162.png,/share/linmingheng-local/xuke/datasets/rmagnet_sma_dataset2/reflection_90/55_1672_1162.png,/share/linmingheng-local/xuke/datasets/rmagnet_sma_dataset2/dolp/55_1672_1162.png
55_3130_569,test,55,original-clean-v3,592,336,/share/linmingheng-local/xuke/datasets/rmagnet_sma_dataset2/blended/55_3130_569.png,/share/linmingheng-local/xuke/datasets/rmagnet_sma_dataset2/transmission_layer/55_3130_569.png,/share/linmingheng-local/xuke/datasets/rmagnet_sma_dataset2/reflection_90/55_3130_569.png,/share/linmingheng-local/xuke/datasets/rmagnet_sma_dataset2/dolp/55_3130_569.png
73_1862_1921,test,73,original-clean-v3,544,352,/share/linmingheng-local/xuke/datasets/rmagnet_sma_dataset2/blended/73_1862_1921.png,/share/linmingheng-local/xuke/datasets/rmagnet_sma_dataset2/transmission_layer/73_1862_1921.png,/share/linmingheng-local/xuke/datasets/rmagnet_sma_dataset2/reflection_90/73_1862_1921.png,/share/linmingheng-local/xuke/datasets/rmagnet_sma_dataset2/dolp/73_1862_1921.png
73_1904_1067,test,73,original-clean-v3,640,304,/share/linmingheng-local/xuke/datasets/rmagnet_sma_dataset2/blended/73_1904_1067.png,/share/linmingheng-local/xuke/datasets/rmagnet_sma_dataset2/transmission_layer/73_1904_1067.png,/share/linmingheng-local/xuke/datasets/rmagnet_sma_dataset2/reflection_90/73_1904_1067.png,/share/linmingheng-local/xuke/datasets/rmagnet_sma_dataset2/dolp/73_1904_1067.png
77_1933_1814,test,77,original-clean-v3,528,352,/share/linmingheng-local/xuke/datasets/rmagnet_sma_dataset2/blended/77_1933_1814.png,/share/linmingheng-local/xuke/datasets/rmagnet_sma_dataset2/transmission_layer/77_1933_1814.png,/share/linmingheng-local/xuke/datasets/rmagnet_sma_dataset2/reflection_90/77_1933_1814.png,/share/linmingheng-local/xuke/datasets/rmagnet_sma_dataset2/dolp/77_1933_1814.png
94_1826_1832,test,94,original-clean-v3,336,576,/share/linmingheng-local/xuke/datasets/rmagnet_sma_dataset2/blended/94_1826_1832.png,/share/linmingheng-local/xuke/datasets/rmagnet_sma_dataset2/transmission_layer/94_1826_1832.png,/share/linmingheng-local/xuke/datasets/rmagnet_sma_dataset2/reflection_90/94_1826_1832.png,/share/linmingheng-local/xuke/datasets/rmagnet_sma_dataset2/dolp/94_1826_1832.png
100_2531_1536,train,100,original-clean-v3,352,544,/share/linmingheng-local/xuke/datasets/rmagnet_sma_dataset2/blended/100_2531_1536.png,/share/linmingheng-local/xuke/datasets/rmagnet_sma_dataset2/transmission_layer/100_2531_1536.png,/share/linmingheng-local/xuke/datasets/rmagnet_sma_dataset2/reflection_90/100_2531_1536.png,/share/linmingheng-local/xuke/datasets/rmagnet_sma_dataset2/dolp/100_2531_1536.png
100_887_1712,train,100,original-clean-v3,352,544,/share/linmingheng-local/xuke/datasets/rmagnet_sma_dataset2/blended/100_887_1712.png,/share/linmingheng-local/xuke/datasets/rmagnet_sma_dataset2/transmission_layer/100_887_1712.png,/share/linmingheng-local/xuke/datasets/rmagnet_sma_dataset2/reflection_90/100_887_1712.png,/share/linmingheng-local/xuke/datasets/rmagnet_sma_dataset2/dolp/100_887_1712.png
101_2292_1137,train,101,original-clean-v3,512,352,/share/linmingheng-local/xuke/datasets/rmagnet_sma_dataset2/blended/101_2292_1137.png,/share/linmingheng-local/xuke/datasets/rmagnet_sma_dataset2/transmission_layer/101_2292_1137.png,/share/linmingheng-local/xuke/datasets/rmagnet_sma_dataset2/reflection_90/101_2292_1137.png,/share/linmingheng-local/xuke/datasets/rmagnet_sma_dataset2/dolp/101_2292_1137.png
102_1774_1206,train,102,original-clean-v3,464,432,/share/linmingheng-local/xuke/datasets/rmagnet_sma_dataset2/blended/102_1774_1206.png,/share/linmingheng-local/xuke/datasets/rmagnet_sma_dataset2/transmission_layer/102_1774_1206.png,/share/linmingheng-local/xuke/datasets/rmagnet_sma_dataset2/reflection_90/102_1774_1206.png,/share/linmingheng-local/xuke/datasets/rmagnet_sma_dataset2/dolp/102_1774_1206.png
103_2463_1883,train,103,original-clean-v3,464,432,/share/linmingheng-local/xuke/datasets/rmagnet_sma_dataset2/blended/103_2463_1883.png,/share/linmingheng-local/xuke/datasets/rmagnet_sma_dataset2/transmission_layer/103_2463_1883.png,/share/linmingheng-local/xuke/datasets/rmagnet_sma_dataset2/reflection_90/103_2463_1883.png,/share/linmingheng-local/xuke/datasets/rmagnet_sma_dataset2/dolp/103_2463_1883.png
103_831_2184,train,103,original-clean-v3,368,544,/share/linmingheng-local/xuke/datasets/rmagnet_sma_dataset2/blended/103_831_2184.png,/share/linmingheng-local/xuke/datasets/rmagnet_sma_dataset2/transmission_layer/103_831_2184.png,/share/linmingheng-local/xuke/datasets/rmagnet_sma_dataset2/reflection_90/103_831_2184.png,/share/linmingheng-local/xuke/datasets/rmagnet_sma_dataset2/dolp/103_831_2184.png
105_2252_1177,train,105,original-clean-v3,672,272,/share/linmingheng-local/xuke/datasets/rmagnet_sma_dataset2/blended/105_2252_1177.png,/share/linmingheng-local/xuke/datasets/rmagnet_sma_dataset2/transmission_layer/105_2252_1177.png,/share/linmingheng-local/xuke/datasets/rmagnet_sma_dataset2/reflection_90/105_2252_1177.png,/share/linmingheng-local/xuke/datasets/rmagnet_sma_dataset2/dolp/105_2252_1177.png
106_1422_1553,train,106,original-clean-v3,352,576,/share/linmingheng-local/xuke/datasets/rmagnet_sma_dataset2/blended/106_1422_1553.png,/share/linmingheng-local/xuke/datasets/rmagnet_sma_dataset2/transmission_layer/106_1422_1553.png,/share/linmingheng-local/xuke/datasets/rmagnet_sma_dataset2/reflection_90/106_1422_1553.png,/share/linmingheng-local/xuke/datasets/rmagnet_sma_dataset2/dolp/106_1422_1553.png
106_2440_1263,train,106,original-clean-v3,352,512,/share/linmingheng-local/xuke/datasets/rmagnet_sma_dataset2/blended/106_2440_1263.png,/share/linmingheng-local/xuke/datasets/rmagnet_sma_dataset2/transmission_layer/106_2440_1263.png,/share/linmingheng-local/xuke/datasets/rmagnet_sma_dataset2/reflection_90/106_2440_1263.png,/share/linmingheng-local/xuke/datasets/rmagnet_sma_dataset2/dolp/106_2440_1263.png
107_2190_1917,train,107,original-clean-v3,544,368,/share/linmingheng-local/xuke/datasets/rmagnet_sma_dataset2/blended/107_2190_1917.png,/share/linmingheng-local/xuke/datasets/rmagnet_sma_dataset2/transmission_layer/107_2190_1917.png,/share/linmingheng-local/xuke/datasets/rmagnet_sma_dataset2/reflection_90/107_2190_1917.png,/share/linmingheng-local/xuke/datasets/rmagnet_sma_dataset2/dolp/107_2190_1917.png
107_677_961,train,107,original-clean-v3,384,544,/share/linmingheng-local/xuke/datasets/rmagnet_sma_dataset2/blended/107_677_961.png,/share/linmingheng-local/xuke/datasets/rmagnet_sma_dataset2/transmission_layer/107_677_961.png,/share/linmingheng-local/xuke/datasets/rmagnet_sma_dataset2/reflection_90/107_677_961.png,/share/linmingheng-local/xuke/datasets/rmagnet_sma_dataset2/dolp/107_677_961.png
109_2042_1979,train,109,original-clean-v3,304,640,/share/linmingheng-local/xuke/datasets/rmagnet_sma_dataset2/blended/109_2042_1979.png,/share/linmingheng-local/xuke/datasets/rmagnet_sma_dataset2/transmission_layer/109_2042_1979.png,/share/linmingheng-local/xuke/datasets/rmagnet_sma_dataset2/reflection_90/109_2042_1979.png,/share/linmingheng-local/xuke/datasets/rmagnet_sma_dataset2/dolp/109_2042_1979.png
110_2571_1422,train,110,original-clean-v3,432,448,/share/linmingheng-local/xuke/datasets/rmagnet_sma_dataset2/blended/110_2571_1422.png,/share/linmingheng-local/xuke/datasets/rmagnet_sma_dataset2/transmission_layer/110_2571_1422.png,/share/linmingheng-local/xuke/datasets/rmagnet_sma_dataset2/reflection_90/110_2571_1422.png,/share/linmingheng-local/xuke/datasets/rmagnet_sma_dataset2/dolp/110_2571_1422.png
112_1496_2270,train,112,original-clean-v3,368,560,/share/linmingheng-local/xuke/datasets/rmagnet_sma_dataset2/blended/112_1496_2270.png,/share/linmingheng-local/xuke/datasets/rmagnet_sma_dataset2/transmission_layer/112_1496_2270.png,/share/linmingheng-local/xuke/datasets/rmagnet_sma_dataset2/reflection_90/112_1496_2270.png,/share/linmingheng-local/xuke/datasets/rmagnet_sma_dataset2/dolp/112_1496_2270.png
112_546_2213,train,112,original-clean-v3,352,560,/share/linmingheng-local/xuke/datasets/rmagnet_sma_dataset2/blended/112_546_2213.png,/share/linmingheng-local/xuke/datasets/rmagnet_sma_dataset2/transmission_layer/112_546_2213.png,/share/linmingheng-local/xuke/datasets/rmagnet_sma_dataset2/reflection_90/112_546_2213.png,/share/linmingheng-local/xuke/datasets/rmagnet_sma_dataset2/dolp/112_546_2213.png
113_2895_2588,train,113,original-clean-v3,640,304,/share/linmingheng-local/xuke/datasets/rmagnet_sma_dataset2/blended/113_2895_2588.png,/share/linmingheng-local/xuke/datasets/rmagnet_sma_dataset2/transmission_layer/113_2895_2588.png,/share/linmingheng-local/xuke/datasets/rmagnet_sma_dataset2/reflection_90/113_2895_2588.png,/share/linmingheng-local/xuke/datasets/rmagnet_sma_dataset2/dolp/113_2895_2588.png
113_938_1906,train,113,original-clean-v3,384,512,/share/linmingheng-local/xuke/datasets/rmagnet_sma_dataset2/blended/113_938_1906.png,/share/linmingheng-local/xuke/datasets/rmagnet_sma_dataset2/transmission_layer/113_938_1906.png,/share/linmingheng-local/xuke/datasets/rmagnet_sma_dataset2/reflection_90/113_938_1906.png,/share/linmingheng-local/xuke/datasets/rmagnet_sma_dataset2/dolp/113_938_1906.png
114_1228_2016,train,114,original-clean-v3,480,416,/share/linmingheng-local/xuke/datasets/rmagnet_sma_dataset2/blended/114_1228_2016.png,/share/linmingheng-local/xuke/datasets/rmagnet_sma_dataset2/transmission_layer/114_1228_2016.png,/share/linmingheng-local/xuke/datasets/rmagnet_sma_dataset2/reflection_90/114_1228_2016.png,/share/linmingheng-local/xuke/datasets/rmagnet_sma_dataset2/dolp/114_1228_2016.png
114_3030_2224,train,114,original-clean-v3,464,432,/share/linmingheng-local/xuke/datasets/rmagnet_sma_dataset2/blended/114_3030_2224.png,/share/linmingheng-local/xuke/datasets/rmagnet_sma_dataset2/transmission_layer/114_3030_2224.png,/share/linmingheng-local/xuke/datasets/rmagnet_sma_dataset2/reflection_90/114_3030_2224.png,/share/linmingheng-local/xuke/datasets/rmagnet_sma_dataset2/dolp/114_3030_2224.png
115_2550_1417,train,115,original-clean-v3,512,368,/share/linmingheng-local/xuke/datasets/rmagnet_sma_dataset2/blended/115_2550_1417.png,/share/linmingheng-local/xuke/datasets/rmagnet_sma_dataset2/transmission_layer/115_2550_1417.png,/share/linmingheng-local/xuke/datasets/rmagnet_sma_dataset2/reflection_90/115_2550_1417.png,/share/linmingheng-local/xuke/datasets/rmagnet_sma_dataset2/dolp/115_2550_1417.png
116_2241_2313,train,116,original-clean-v3,656,304,/share/linmingheng-local/xuke/datasets/rmagnet_sma_dataset2/blended/116_2241_2313.png,/share/linmingheng-local/xuke/datasets/rmagnet_sma_dataset2/transmission_layer/116_2241_2313.png,/share/linmingheng-local/xuke/datasets/rmagnet_sma_dataset2/reflection_90/116_2241_2313.png,/share/linmingheng-local/xuke/datasets/rmagnet_sma_dataset2/dolp/116_2241_2313.png
116_359_2271,train,116,original-clean-v3,288,640,/share/linmingheng-local/xuke/datasets/rmagnet_sma_dataset2/blended/116_359_2271.png,/share/linmingheng-local/xuke/datasets/rmagnet_sma_dataset2/transmission_layer/116_359_2271.png,/share/linmingheng-local/xuke/datasets/rmagnet_sma_dataset2/reflection_90/116_359_2271.png,/share/linmingheng-local/xuke/datasets/rmagnet_sma_dataset2/dolp/116_359_2271.png
117_2170_1719,train,117,original-clean-v3,672,304,/share/linmingheng-local/xuke/datasets/rmagnet_sma_dataset2/blended/117_2170_1719.png,/share/linmingheng-local/xuke/datasets/rmagnet_sma_dataset2/transmission_layer/117_2170_1719.png,/share/linmingheng-local/xuke/datasets/rmagnet_sma_dataset2/reflection_90/117_2170_1719.png,/share/linmingheng-local/xuke/datasets/rmagnet_sma_dataset2/dolp/117_2170_1719.png
117_584_1921,train,117,original-clean-v3,320,624,/share/linmingheng-local/xuke/datasets/rmagnet_sma_dataset2/blended/117_584_1921.png,/share/linmingheng-local/xuke/datasets/rmagnet_sma_dataset2/transmission_layer/117_584_1921.png,/share/linmingheng-local/xuke/datasets/rmagnet_sma_dataset2/reflection_90/117_584_1921.png,/share/linmingheng-local/xuke/datasets/rmagnet_sma_dataset2/dolp/117_584_1921.png
118_1568_919,train,118,original-clean-v3,576,336,/share/linmingheng-local/xuke/datasets/rmagnet_sma_dataset2/blended/118_1568_919.png,/share/linmingheng-local/xuke/datasets/rmagnet_sma_dataset2/transmission_layer/118_1568_919.png,/share/linmingheng-local/xuke/datasets/rmagnet_sma_dataset2/reflection_90/118_1568_919.png,/share/linmingheng-local/xuke/datasets/rmagnet_sma_dataset2/dolp/118_1568_919.png
119_2615_1073,train,119,original-clean-v3,448,432,/share/linmingheng-local/xuke/datasets/rmagnet_sma_dataset2/blended/119_2615_1073.png,/share/linmingheng-local/xuke/datasets/rmagnet_sma_dataset2/transmission_layer/119_2615_1073.png,/share/linmingheng-local/xuke/datasets/rmagnet_sma_dataset2/reflection_90/119_2615_1073.png,/share/linmingheng-local/xuke/datasets/rmagnet_sma_dataset2/dolp/119_2615_1073.png
119_928_1370,train,119,original-clean-v3,464,416,/share/linmingheng-local/xuke/datasets/rmagnet_sma_dataset2/blended/119_928_1370.png,/share/linmingheng-local/xuke/datasets/rmagnet_sma_dataset2/transmission_layer/119_928_1370.png,/share/linmingheng-local/xuke/datasets/rmagnet_sma_dataset2/reflection_90/119_928_1370.png,/share/linmingheng-local/xuke/datasets/rmagnet_sma_dataset2/dolp/119_928_1370.png
11_1410_2258,train,11,original-clean-v3,464,416,/share/linmingheng-local/xuke/datasets/rmagnet_sma_dataset2/blended/11_1410_2258.png,/share/linmingheng-local/xuke/datasets/rmagnet_sma_dataset2/transmission_layer/11_1410_2258.png,/share/linmingheng-local/xuke/datasets/rmagnet_sma_dataset2/reflection_90/11_1410_2258.png,/share/linmingheng-local/xuke/datasets/rmagnet_sma_dataset2/dolp/11_1410_2258.png
11_2200_694,train,11,original-clean-v3,608,320,/share/linmingheng-local/xuke/datasets/rmagnet_sma_dataset2/blended/11_2200_694.png,/share/linmingheng-local/xuke/datasets/rmagnet_sma_dataset2/transmission_layer/11_2200_694.png,/share/linmingheng-local/xuke/datasets/rmagnet_sma_dataset2/reflection_90/11_2200_694.png,/share/linmingheng-local/xuke/datasets/rmagnet_sma_dataset2/dolp/11_2200_694.png
11_2740_2318,train,11,original-clean-v3,608,336,/share/linmingheng-local/xuke/datasets/rmagnet_sma_dataset2/blended/11_2740_2318.png,/share/linmingheng-local/xuke/datasets/rmagnet_sma_dataset2/transmission_layer/11_2740_2318.png,/share/linmingheng-local/xuke/datasets/rmagnet_sma_dataset2/reflection_90/11_2740_2318.png,/share/linmingheng-local/xuke/datasets/rmagnet_sma_dataset2/dolp/11_2740_2318.png
120_1396_789,train,120,original-clean-v3,592,336,/share/linmingheng-local/xuke/datasets/rmagnet_sma_dataset2/blended/120_1396_789.png,/share/linmingheng-local/xuke/datasets/rmagnet_sma_dataset2/transmission_layer/120_1396_789.png,/share/linmingheng-local/xuke/datasets/rmagnet_sma_dataset2/reflection_90/120_1396_789.png,/share/linmingheng-local/xuke/datasets/rmagnet_sma_dataset2/dolp/120_1396_789.png
121_2117_1737,train,121,original-clean-v3,288,688,/share/linmingheng-local/xuke/datasets/rmagnet_sma_dataset2/blended/121_2117_1737.png,/share/linmingheng-local/xuke/datasets/rmagnet_sma_dataset2/transmission_layer/121_2117_1737.png,/share/linmingheng-local/xuke/datasets/rmagnet_sma_dataset2/reflection_90/121_2117_1737.png,/share/linmingheng-local/xuke/datasets/rmagnet_sma_dataset2/dolp/121_2117_1737.png
122_1075_3534,train,122,original-clean-v3,592,320,/share/linmingheng-local/xuke/datasets/rmagnet_sma_dataset2/blended/122_1075_3534.png,/share/linmingheng-local/xuke/datasets/rmagnet_sma_dataset2/transmission_layer/122_1075_3534.png,/share/linmingheng-local/xuke/datasets/rmagnet_sma_dataset2/reflection_90/122_1075_3534.png,/share/linmingheng-local/xuke/datasets/rmagnet_sma_dataset2/dolp/122_1075_3534.png
124_4868_2315,train,124,original-clean-v3,272,704,/share/linmingheng-local/xuke/datasets/rmagnet_sma_dataset2/blended/124_4868_2315.png,/share/linmingheng-local/xuke/datasets/rmagnet_sma_dataset2/transmission_layer/124_4868_2315.png,/share/linmingheng-local/xuke/datasets/rmagnet_sma_dataset2/reflection_90/124_4868_2315.png,/share/linmingheng-local/xuke/datasets/rmagnet_sma_dataset2/dolp/124_4868_2315.png
124_6084_2457,train,124,original-clean-v3,480,384,/share/linmingheng-local/xuke/datasets/rmagnet_sma_dataset2/blended/124_6084_2457.png,/share/linmingheng-local/xuke/datasets/rmagnet_sma_dataset2/transmission_layer/124_6084_2457.png,/share/linmingheng-local/xuke/datasets/rmagnet_sma_dataset2/reflection_90/124_6084_2457.png,/share/linmingheng-local/xuke/datasets/rmagnet_sma_dataset2/dolp/124_6084_2457.png
127_3781_2965,train,127,original-clean-v3,672,304,/share/linmingheng-local/xuke/datasets/rmagnet_sma_dataset2/blended/127_3781_2965.png,/share/linmingheng-local/xuke/datasets/rmagnet_sma_dataset2/transmission_layer/127_3781_2965.png,/share/linmingheng-local/xuke/datasets/rmagnet_sma_dataset2/reflection_90/127_3781_2965.png,/share/linmingheng-local/xuke/datasets/rmagnet_sma_dataset2/dolp/127_3781_2965.png
128_5411_1264,train,128,original-clean-v3,368,512,/share/linmingheng-local/xuke/datasets/rmagnet_sma_dataset2/blended/128_5411_1264.png,/share/linmingheng-local/xuke/datasets/rmagnet_sma_dataset2/transmission_layer/128_5411_1264.png,/share/linmingheng-local/xuke/datasets/rmagnet_sma_dataset2/reflection_90/128_5411_1264.png,/share/linmingheng-local/xuke/datasets/rmagnet_sma_dataset2/dolp/128_5411_1264.png
129_5045_1146,train,129,original-clean-v3,416,464,/share/linmingheng-local/xuke/datasets/rmagnet_sma_dataset2/blended/129_5045_1146.png,/share/linmingheng-local/xuke/datasets/rmagnet_sma_dataset2/transmission_layer/129_5045_1146.png,/share/linmingheng-local/xuke/datasets/rmagnet_sma_dataset2/reflection_90/129_5045_1146.png,/share/linmingheng-local/xuke/datasets/rmagnet_sma_dataset2/dolp/129_5045_1146.png
12_1732_1210,train,12,original-clean-v3,528,368,/share/linmingheng-local/xuke/datasets/rmagnet_sma_dataset2/blended/12_1732_1210.png,/share/linmingheng-local/xuke/datasets/rmagnet_sma_dataset2/transmission_layer/12_1732_1210.png,/share/linmingheng-local/xuke/datasets/rmagnet_sma_dataset2/reflection_90/12_1732_1210.png,/share/linmingheng-local/xuke/datasets/rmagnet_sma_dataset2/dolp/12_1732_1210.png
130_5411_2729,train,130,original-clean-v3,544,400,/share/linmingheng-local/xuke/datasets/rmagnet_sma_dataset2/blended/130_5411_2729.png,/share/linmingheng-local/xuke/datasets/rmagnet_sma_dataset2/transmission_layer/130_5411_2729.png,/share/linmingheng-local/xuke/datasets/rmagnet_sma_dataset2/reflection_90/130_5411_2729.png,/share/linmingheng-local/xuke/datasets/rmagnet_sma_dataset2/dolp/130_5411_2729.png
131_4643_3048,train,131,original-clean-v3,368,576,/share/linmingheng-local/xuke/datasets/rmagnet_sma_dataset2/blended/131_4643_3048.png,/share/linmingheng-local/xuke/datasets/rmagnet_sma_dataset2/transmission_layer/131_4643_3048.png,/share/linmingheng-local/xuke/datasets/rmagnet_sma_dataset2/reflection_90/131_4643_3048.png,/share/linmingheng-local/xuke/datasets/rmagnet_sma_dataset2/dolp/131_4643_3048.png
132_4241_3615,train,132,original-clean-v3,368,576,/share/linmingheng-local/xuke/datasets/rmagnet_sma_dataset2/blended/132_4241_3615.png,/share/linmingheng-local/xuke/datasets/rmagnet_sma_dataset2/transmission_layer/132_4241_3615.png,/share/linmingheng-local/xuke/datasets/rmagnet_sma_dataset2/reflection_90/132_4241_3615.png,/share/linmingheng-local/xuke/datasets/rmagnet_sma_dataset2/dolp/132_4241_3615.png
133_5340_4158,train,133,original-clean-v3,416,480,/share/linmingheng-local/xuke/datasets/rmagnet_sma_dataset2/blended/133_5340_4158.png,/share/linmingheng-local/xuke/datasets/rmagnet_sma_dataset2/transmission_layer/133_5340_4158.png,/share/linmingheng-local/xuke/datasets/rmagnet_sma_dataset2/reflection_90/133_5340_4158.png,/share/linmingheng-local/xuke/datasets/rmagnet_sma_dataset2/dolp/133_5340_4158.png
134_2866_1569,train,134,original-clean-v3,688,288,/share/linmingheng-local/xuke/datasets/rmagnet_sma_dataset2/blended/134_2866_1569.png,/share/linmingheng-local/xuke/datasets/rmagnet_sma_dataset2/transmission_layer/134_2866_1569.png,/share/linmingheng-local/xuke/datasets/rmagnet_sma_dataset2/reflection_90/134_2866_1569.png,/share/linmingheng-local/xuke/datasets/rmagnet_sma_dataset2/dolp/134_2866_1569.png
136_3402_2894,train,136,original-clean-v3,512,368,/share/linmingheng-local/xuke/datasets/rmagnet_sma_dataset2/blended/136_3402_2894.png,/share/linmingheng-local/xuke/datasets/rmagnet_sma_dataset2/transmission_layer/136_3402_2894.png,/share/linmingheng-local/xuke/datasets/rmagnet_sma_dataset2/reflection_90/136_3402_2894.png,/share/linmingheng-local/xuke/datasets/rmagnet_sma_dataset2/dolp/136_3402_2894.png
137_4489_2824,train,137,original-clean-v3,464,416,/share/linmingheng-local/xuke/datasets/rmagnet_sma_dataset2/blended/137_4489_2824.png,/share/linmingheng-local/xuke/datasets/rmagnet_sma_dataset2/transmission_layer/137_4489_2824.png,/share/linmingheng-local/xuke/datasets/rmagnet_sma_dataset2/reflection_90/137_4489_2824.png,/share/linmingheng-local/xuke/datasets/rmagnet_sma_dataset2/dolp/137_4489_2824.png
138_4430_3698,train,138,original-clean-v3,416,464,/share/linmingheng-local/xuke/datasets/rmagnet_sma_dataset2/blended/138_4430_3698.png,/share/linmingheng-local/xuke/datasets/rmagnet_sma_dataset2/transmission_layer/138_4430_3698.png,/share/linmingheng-local/xuke/datasets/rmagnet_sma_dataset2/reflection_90/138_4430_3698.png,/share/linmingheng-local/xuke/datasets/rmagnet_sma_dataset2/dolp/138_4430_3698.png
139_4454_3178,train,139,original-clean-v3,400,464,/share/linmingheng-local/xuke/datasets/rmagnet_sma_dataset2/blended/139_4454_3178.png,/share/linmingheng-local/xuke/datasets/rmagnet_sma_dataset2/transmission_layer/139_4454_3178.png,/share/linmingheng-local/xuke/datasets/rmagnet_sma_dataset2/reflection_90/139_4454_3178.png,/share/linmingheng-local/xuke/datasets/rmagnet_sma_dataset2/dolp/139_4454_3178.png
13_1921_1583,train,13,original-clean-v3,608,320,/share/linmingheng-local/xuke/datasets/rmagnet_sma_dataset2/blended/13_1921_1583.png,/share/linmingheng-local/xuke/datasets/rmagnet_sma_dataset2/transmission_layer/13_1921_1583.png,/share/linmingheng-local/xuke/datasets/rmagnet_sma_dataset2/reflection_90/13_1921_1583.png,/share/linmingheng-local/xuke/datasets/rmagnet_sma_dataset2/dolp/13_1921_1583.png
140_5078_4761,train,140,original-clean-v3,656,288,/share/linmingheng-local/xuke/datasets/rmagnet_sma_dataset2/blended/140_5078_4761.png,/share/linmingheng-local/xuke/datasets/rmagnet_sma_dataset2/transmission_layer/140_5078_4761.png,/share/linmingheng-local/xuke/datasets/rmagnet_sma_dataset2/reflection_90/140_5078_4761.png,/share/linmingheng-local/xuke/datasets/rmagnet_sma_dataset2/dolp/140_5078_4761.png
144_4276_2103,train,144,original-clean-v3,512,384,/share/linmingheng-local/xuke/datasets/rmagnet_sma_dataset2/blended/144_4276_2103.png,/share/linmingheng-local/xuke/datasets/rmagnet_sma_dataset2/transmission_layer/144_4276_2103.png,/share/linmingheng-local/xuke/datasets/rmagnet_sma_dataset2/reflection_90/144_4276_2103.png,/share/linmingheng-local/xuke/datasets/rmagnet_sma_dataset2/dolp/144_4276_2103.png
146_4478_2989,train,146,original-clean-v3,384,480,/share/linmingheng-local/xuke/datasets/rmagnet_sma_dataset2/blended/146_4478_2989.png,/share/linmingheng-local/xuke/datasets/rmagnet_sma_dataset2/transmission_layer/146_4478_2989.png,/share/linmingheng-local/xuke/datasets/rmagnet_sma_dataset2/reflection_90/146_4478_2989.png,/share/linmingheng-local/xuke/datasets/rmagnet_sma_dataset2/dolp/146_4478_2989.png
146_5021_992,train,146,original-clean-v3,464,400,/share/linmingheng-local/xuke/datasets/rmagnet_sma_dataset2/blended/146_5021_992.png,/share/linmingheng-local/xuke/datasets/rmagnet_sma_dataset2/transmission_layer/146_5021_992.png,/share/linmingheng-local/xuke/datasets/rmagnet_sma_dataset2/reflection_90/146_5021_992.png,/share/linmingheng-local/xuke/datasets/rmagnet_sma_dataset2/dolp/146_5021_992.png
147_5210_2339,train,147,original-clean-v3,608,336,/share/linmingheng-local/xuke/datasets/rmagnet_sma_dataset2/blended/147_5210_2339.png,/share/linmingheng-local/xuke/datasets/rmagnet_sma_dataset2/transmission_layer/147_5210_2339.png,/share/linmingheng-local/xuke/datasets/rmagnet_sma_dataset2/reflection_90/147_5210_2339.png,/share/linmingheng-local/xuke/datasets/rmagnet_sma_dataset2/dolp/147_5210_2339.png
148_2205_1685,train,148,original-clean-v3,640,304,/share/linmingheng-local/xuke/datasets/rmagnet_sma_dataset2/blended/148_2205_1685.png,/share/linmingheng-local/xuke/datasets/rmagnet_sma_dataset2/transmission_layer/148_2205_1685.png,/share/linmingheng-local/xuke/datasets/rmagnet_sma_dataset2/reflection_90/148_2205_1685.png,/share/linmingheng-local/xuke/datasets/rmagnet_sma_dataset2/dolp/148_2205_1685.png
149_5360_4143,train,149,original-clean-v3,416,480,/share/linmingheng-local/xuke/datasets/rmagnet_sma_dataset2/blended/149_5360_4143.png,/share/linmingheng-local/xuke/datasets/rmagnet_sma_dataset2/transmission_layer/149_5360_4143.png,/share/linmingheng-local/xuke/datasets/rmagnet_sma_dataset2/reflection_90/149_5360_4143.png,/share/linmingheng-local/xuke/datasets/rmagnet_sma_dataset2/dolp/149_5360_4143.png
14_3148_1411,train,14,original-clean-v3,368,528,/share/linmingheng-local/xuke/datasets/rmagnet_sma_dataset2/blended/14_3148_1411.png,/share/linmingheng-local/xuke/datasets/rmagnet_sma_dataset2/transmission_layer/14_3148_1411.png,/share/linmingheng-local/xuke/datasets/rmagnet_sma_dataset2/reflection_90/14_3148_1411.png,/share/linmingheng-local/xuke/datasets/rmagnet_sma_dataset2/dolp/14_3148_1411.png
150_2114_1002,train,150,original-clean-v3,560,352,/share/linmingheng-local/xuke/datasets/rmagnet_sma_dataset2/blended/150_2114_1002.png,/share/linmingheng-local/xuke/datasets/rmagnet_sma_dataset2/transmission_layer/150_2114_1002.png,/share/linmingheng-local/xuke/datasets/rmagnet_sma_dataset2/reflection_90/150_2114_1002.png,/share/linmingheng-local/xuke/datasets/rmagnet_sma_dataset2/dolp/150_2114_1002.png
154_2847_1665,train,154,original-clean-v3,368,544,/share/linmingheng-local/xuke/datasets/rmagnet_sma_dataset2/blended/154_2847_1665.png,/share/linmingheng-local/xuke/datasets/rmagnet_sma_dataset2/transmission_layer/154_2847_1665.png,/share/linmingheng-local/xuke/datasets/rmagnet_sma_dataset2/reflection_90/154_2847_1665.png,/share/linmingheng-local/xuke/datasets/rmagnet_sma_dataset2/dolp/154_2847_1665.png
156_5139_3095,train,156,original-clean-v3,576,368,/share/linmingheng-local/xuke/datasets/rmagnet_sma_dataset2/blended/156_5139_3095.png,/share/linmingheng-local/xuke/datasets/rmagnet_sma_dataset2/transmission_layer/156_5139_3095.png,/share/linmingheng-local/xuke/datasets/rmagnet_sma_dataset2/reflection_90/156_5139_3095.png,/share/linmingheng-local/xuke/datasets/rmagnet_sma_dataset2/dolp/156_5139_3095.png
158_4206_1677,train,158,original-clean-v3,480,400,/share/linmingheng-local/xuke/datasets/rmagnet_sma_dataset2/blended/158_4206_1677.png,/share/linmingheng-local/xuke/datasets/rmagnet_sma_dataset2/transmission_layer/158_4206_1677.png,/share/linmingheng-local/xuke/datasets/rmagnet_sma_dataset2/reflection_90/158_4206_1677.png,/share/linmingheng-local/xuke/datasets/rmagnet_sma_dataset2/dolp/158_4206_1677.png
159_7512_3320,train,159,original-clean-v3,416,464,/share/linmingheng-local/xuke/datasets/rmagnet_sma_dataset2/blended/159_7512_3320.png,/share/linmingheng-local/xuke/datasets/rmagnet_sma_dataset2/transmission_layer/159_7512_3320.png,/share/linmingheng-local/xuke/datasets/rmagnet_sma_dataset2/reflection_90/159_7512_3320.png,/share/linmingheng-local/xuke/datasets/rmagnet_sma_dataset2/dolp/159_7512_3320.png
160_5080_3414,train,160,original-clean-v3,528,384,/share/linmingheng-local/xuke/datasets/rmagnet_sma_dataset2/blended/160_5080_3414.png,/share/linmingheng-local/xuke/datasets/rmagnet_sma_dataset2/transmission_layer/160_5080_3414.png,/share/linmingheng-local/xuke/datasets/rmagnet_sma_dataset2/reflection_90/160_5080_3414.png,/share/linmingheng-local/xuke/datasets/rmagnet_sma_dataset2/dolp/160_5080_3414.png
161_6084_3887,train,161,original-clean-v3,464,416,/share/linmingheng-local/xuke/datasets/rmagnet_sma_dataset2/blended/161_6084_3887.png,/share/linmingheng-local/xuke/datasets/rmagnet_sma_dataset2/transmission_layer/161_6084_3887.png,/share/linmingheng-local/xuke/datasets/rmagnet_sma_dataset2/reflection_90/161_6084_3887.png,/share/linmingheng-local/xuke/datasets/rmagnet_sma_dataset2/dolp/161_6084_3887.png
162_5612_3674,train,162,original-clean-v3,512,400,/share/linmingheng-local/xuke/datasets/rmagnet_sma_dataset2/blended/162_5612_3674.png,/share/linmingheng-local/xuke/datasets/rmagnet_sma_dataset2/transmission_layer/162_5612_3674.png,/share/linmingheng-local/xuke/datasets/rmagnet_sma_dataset2/reflection_90/162_5612_3674.png,/share/linmingheng-local/xuke/datasets/rmagnet_sma_dataset2/dolp/162_5612_3674.png
16_1479_2141,train,16,original-clean-v3,592,336,/share/linmingheng-local/xuke/datasets/rmagnet_sma_dataset2/blended/16_1479_2141.png,/share/linmingheng-local/xuke/datasets/rmagnet_sma_dataset2/transmission_layer/16_1479_2141.png,/share/linmingheng-local/xuke/datasets/rmagnet_sma_dataset2/reflection_90/16_1479_2141.png,/share/linmingheng-local/xuke/datasets/rmagnet_sma_dataset2/dolp/16_1479_2141.png
16_2080_1601,train,16,original-clean-v3,528,384,/share/linmingheng-local/xuke/datasets/rmagnet_sma_dataset2/blended/16_2080_1601.png,/share/linmingheng-local/xuke/datasets/rmagnet_sma_dataset2/transmission_layer/16_2080_1601.png,/share/linmingheng-local/xuke/datasets/rmagnet_sma_dataset2/reflection_90/16_2080_1601.png,/share/linmingheng-local/xuke/datasets/rmagnet_sma_dataset2/dolp/16_2080_1601.png
198_1955_1250,train,198,data_set2,496,416,/share/linmingheng-local/xuke/datasets/rmagnet_sma_dataset2/blended/198_1955_1250.png,/share/linmingheng-local/xuke/datasets/rmagnet_sma_dataset2/transmission_layer/198_1955_1250.png,/share/linmingheng-local/xuke/datasets/rmagnet_sma_dataset2/reflection_90/198_1955_1250.png,/share/linmingheng-local/xuke/datasets/rmagnet_sma_dataset2/dolp/198_1955_1250.png
199_1936_1631,train,199,data_set2,448,352,/share/linmingheng-local/xuke/datasets/rmagnet_sma_dataset2/blended/199_1936_1631.png,/share/linmingheng-local/xuke/datasets/rmagnet_sma_dataset2/transmission_layer/199_1936_1631.png,/share/linmingheng-local/xuke/datasets/rmagnet_sma_dataset2/reflection_90/199_1936_1631.png,/share/linmingheng-local/xuke/datasets/rmagnet_sma_dataset2/dolp/199_1936_1631.png
19_2881_1423,train,19,original-clean-v3,512,400,/share/linmingheng-local/xuke/datasets/rmagnet_sma_dataset2/blended/19_2881_1423.png,/share/linmingheng-local/xuke/datasets/rmagnet_sma_dataset2/transmission_layer/19_2881_1423.png,/share/linmingheng-local/xuke/datasets/rmagnet_sma_dataset2/reflection_90/19_2881_1423.png,/share/linmingheng-local/xuke/datasets/rmagnet_sma_dataset2/dolp/19_2881_1423.png
203_1476_844,train,203,data_set2,528,352,/share/linmingheng-local/xuke/datasets/rmagnet_sma_dataset2/blended/203_1476_844.png,/share/linmingheng-local/xuke/datasets/rmagnet_sma_dataset2/transmission_layer/203_1476_844.png,/share/linmingheng-local/xuke/datasets/rmagnet_sma_dataset2/reflection_90/203_1476_844.png,/share/linmingheng-local/xuke/datasets/rmagnet_sma_dataset2/dolp/203_1476_844.png
203_1503_1329,train,203,data_set2,512,384,/share/linmingheng-local/xuke/datasets/rmagnet_sma_dataset2/blended/203_1503_1329.png,/share/linmingheng-local/xuke/datasets/rmagnet_sma_dataset2/transmission_layer/203_1503_1329.png,/share/linmingheng-local/xuke/datasets/rmagnet_sma_dataset2/reflection_90/203_1503_1329.png,/share/linmingheng-local/xuke/datasets/rmagnet_sma_dataset2/dolp/203_1503_1329.png
203_2189_1288,train,203,data_set2,368,336,/share/linmingheng-local/xuke/datasets/rmagnet_sma_dataset2/blended/203_2189_1288.png,/share/linmingheng-local/xuke/datasets/rmagnet_sma_dataset2/transmission_layer/203_2189_1288.png,/share/linmingheng-local/xuke/datasets/rmagnet_sma_dataset2/reflection_90/203_2189_1288.png,/share/linmingheng-local/xuke/datasets/rmagnet_sma_dataset2/dolp/203_2189_1288.png
206_2418_1882,train,206,data_set2,592,320,/share/linmingheng-local/xuke/datasets/rmagnet_sma_dataset2/blended/206_2418_1882.png,/share/linmingheng-local/xuke/datasets/rmagnet_sma_dataset2/transmission_layer/206_2418_1882.png,/share/linmingheng-local/xuke/datasets/rmagnet_sma_dataset2/reflection_90/206_2418_1882.png,/share/linmingheng-local/xuke/datasets/rmagnet_sma_dataset2/dolp/206_2418_1882.png
209_2446_1577,train,209,data_set2,560,352,/share/linmingheng-local/xuke/datasets/rmagnet_sma_dataset2/blended/209_2446_1577.png,/share/linmingheng-local/xuke/datasets/rmagnet_sma_dataset2/transmission_layer/209_2446_1577.png,/share/linmingheng-local/xuke/datasets/rmagnet_sma_dataset2/reflection_90/209_2446_1577.png,/share/linmingheng-local/xuke/datasets/rmagnet_sma_dataset2/dolp/209_2446_1577.png
20_1414_1322,train,20,original-clean-v3,464,416,/share/linmingheng-local/xuke/datasets/rmagnet_sma_dataset2/blended/20_1414_1322.png,/share/linmingheng-local/xuke/datasets/rmagnet_sma_dataset2/transmission_layer/20_1414_1322.png,/share/linmingheng-local/xuke/datasets/rmagnet_sma_dataset2/reflection_90/20_1414_1322.png,/share/linmingheng-local/xuke/datasets/rmagnet_sma_dataset2/dolp/20_1414_1322.png
211_1827_1754,train,211,data_set2,480,384,/share/linmingheng-local/xuke/datasets/rmagnet_sma_dataset2/blended/211_1827_1754.png,/share/linmingheng-local/xuke/datasets/rmagnet_sma_dataset2/transmission_layer/211_1827_1754.png,/share/linmingheng-local/xuke/datasets/rmagnet_sma_dataset2/reflection_90/211_1827_1754.png,/share/linmingheng-local/xuke/datasets/rmagnet_sma_dataset2/dolp/211_1827_1754.png
211_2061_1056,train,211,data_set2,400,352,/share/linmingheng-local/xuke/datasets/rmagnet_sma_dataset2/blended/211_2061_1056.png,/share/linmingheng-local/xuke/datasets/rmagnet_sma_dataset2/transmission_layer/211_2061_1056.png,/share/linmingheng-local/xuke/datasets/rmagnet_sma_dataset2/reflection_90/211_2061_1056.png,/share/linmingheng-local/xuke/datasets/rmagnet_sma_dataset2/dolp/211_2061_1056.png
211_2606_1824,train,211,data_set2,480,400,/share/linmingheng-local/xuke/datasets/rmagnet_sma_dataset2/blended/211_2606_1824.png,/share/linmingheng-local/xuke/datasets/rmagnet_sma_dataset2/transmission_layer/211_2606_1824.png,/share/linmingheng-local/xuke/datasets/rmagnet_sma_dataset2/reflection_90/211_2606_1824.png,/share/linmingheng-local/xuke/datasets/rmagnet_sma_dataset2/dolp/211_2606_1824.png
212_2595_1737,train,212,data_set2,480,400,/share/linmingheng-local/xuke/datasets/rmagnet_sma_dataset2/blended/212_2595_1737.png,/share/linmingheng-local/xuke/datasets/rmagnet_sma_dataset2/transmission_layer/212_2595_1737.png,/share/linmingheng-local/xuke/datasets/rmagnet_sma_dataset2/reflection_90/212_2595_1737.png,/share/linmingheng-local/xuke/datasets/rmagnet_sma_dataset2/dolp/212_2595_1737.png
213_1966_1664,train,213,data_set2,368,288,/share/linmingheng-local/xuke/datasets/rmagnet_sma_dataset2/blended/213_1966_1664.png,/share/linmingheng-local/xuke/datasets/rmagnet_sma_dataset2/transmission_layer/213_1966_1664.png,/share/linmingheng-local/xuke/datasets/rmagnet_sma_dataset2/reflection_90/213_1966_1664.png,/share/linmingheng-local/xuke/datasets/rmagnet_sma_dataset2/dolp/213_1966_1664.png
216_1253_1438,train,216,data_set2,560,352,/share/linmingheng-local/xuke/datasets/rmagnet_sma_dataset2/blended/216_1253_1438.png,/share/linmingheng-local/xuke/datasets/rmagnet_sma_dataset2/transmission_layer/216_1253_1438.png,/share/linmingheng-local/xuke/datasets/rmagnet_sma_dataset2/reflection_90/216_1253_1438.png,/share/linmingheng-local/xuke/datasets/rmagnet_sma_dataset2/dolp/216_1253_1438.png
216_3420_1849,train,216,data_set2,560,352,/share/linmingheng-local/xuke/datasets/rmagnet_sma_dataset2/blended/216_3420_1849.png,/share/linmingheng-local/xuke/datasets/rmagnet_sma_dataset2/transmission_layer/216_3420_1849.png,/share/linmingheng-local/xuke/datasets/rmagnet_sma_dataset2/reflection_90/216_3420_1849.png,/share/linmingheng-local/xuke/datasets/rmagnet_sma_dataset2/dolp/216_3420_1849.png
217_2410_1364,train,217,data_set2,544,288,/share/linmingheng-local/xuke/datasets/rmagnet_sma_dataset2/blended/217_2410_1364.png,/share/linmingheng-local/xuke/datasets/rmagnet_sma_dataset2/transmission_layer/217_2410_1364.png,/share/linmingheng-local/xuke/datasets/rmagnet_sma_dataset2/reflection_90/217_2410_1364.png,/share/linmingheng-local/xuke/datasets/rmagnet_sma_dataset2/dolp/217_2410_1364.png
218_1402_1751,train,218,data_set2,320,224,/share/linmingheng-local/xuke/datasets/rmagnet_sma_dataset2/blended/218_1402_1751.png,/share/linmingheng-local/xuke/datasets/rmagnet_sma_dataset2/transmission_layer/218_1402_1751.png,/share/linmingheng-local/xuke/datasets/rmagnet_sma_dataset2/reflection_90/218_1402_1751.png,/share/linmingheng-local/xuke/datasets/rmagnet_sma_dataset2/dolp/218_1402_1751.png
218_1838_1751,train,218,data_set2,448,432,/share/linmingheng-local/xuke/datasets/rmagnet_sma_dataset2/blended/218_1838_1751.png,/share/linmingheng-local/xuke/datasets/rmagnet_sma_dataset2/transmission_layer/218_1838_1751.png,/share/linmingheng-local/xuke/datasets/rmagnet_sma_dataset2/reflection_90/218_1838_1751.png,/share/linmingheng-local/xuke/datasets/rmagnet_sma_dataset2/dolp/218_1838_1751.png
218_2761_1751,train,218,data_set2,336,240,/share/linmingheng-local/xuke/datasets/rmagnet_sma_dataset2/blended/218_2761_1751.png,/share/linmingheng-local/xuke/datasets/rmagnet_sma_dataset2/transmission_layer/218_2761_1751.png,/share/linmingheng-local/xuke/datasets/rmagnet_sma_dataset2/reflection_90/218_2761_1751.png,/share/linmingheng-local/xuke/datasets/rmagnet_sma_dataset2/dolp/218_2761_1751.png
218_3137_1816,train,218,data_set2,400,272,/share/linmingheng-local/xuke/datasets/rmagnet_sma_dataset2/blended/218_3137_1816.png,/share/linmingheng-local/xuke/datasets/rmagnet_sma_dataset2/transmission_layer/218_3137_1816.png,/share/linmingheng-local/xuke/datasets/rmagnet_sma_dataset2/reflection_90/218_3137_1816.png,/share/linmingheng-local/xuke/datasets/rmagnet_sma_dataset2/dolp/218_3137_1816.png
218_871_1795,train,218,data_set2,448,320,/share/linmingheng-local/xuke/datasets/rmagnet_sma_dataset2/blended/218_871_1795.png,/share/linmingheng-local/xuke/datasets/rmagnet_sma_dataset2/transmission_layer/218_871_1795.png,/share/linmingheng-local/xuke/datasets/rmagnet_sma_dataset2/reflection_90/218_871_1795.png,/share/linmingheng-local/xuke/datasets/rmagnet_sma_dataset2/dolp/218_871_1795.png
221_2494_2053,train,221,data_set2,464,432,/share/linmingheng-local/xuke/datasets/rmagnet_sma_dataset2/blended/221_2494_2053.png,/share/linmingheng-local/xuke/datasets/rmagnet_sma_dataset2/transmission_layer/221_2494_2053.png,/share/linmingheng-local/xuke/datasets/rmagnet_sma_dataset2/reflection_90/221_2494_2053.png,/share/linmingheng-local/xuke/datasets/rmagnet_sma_dataset2/dolp/221_2494_2053.png
221_2908_1146,train,221,data_set2,448,448,/share/linmingheng-local/xuke/datasets/rmagnet_sma_dataset2/blended/221_2908_1146.png,/share/linmingheng-local/xuke/datasets/rmagnet_sma_dataset2/transmission_layer/221_2908_1146.png,/share/linmingheng-local/xuke/datasets/rmagnet_sma_dataset2/reflection_90/221_2908_1146.png,/share/linmingheng-local/xuke/datasets/rmagnet_sma_dataset2/dolp/221_2908_1146.png
222_3829_1195,train,222,data_set2,496,320,/share/linmingheng-local/xuke/datasets/rmagnet_sma_dataset2/blended/222_3829_1195.png,/share/linmingheng-local/xuke/datasets/rmagnet_sma_dataset2/transmission_layer/222_3829_1195.png,/share/linmingheng-local/xuke/datasets/rmagnet_sma_dataset2/reflection_90/222_3829_1195.png,/share/linmingheng-local/xuke/datasets/rmagnet_sma_dataset2/dolp/222_3829_1195.png
223_1637_1408,train,223,data_set2,464,384,/share/linmingheng-local/xuke/datasets/rmagnet_sma_dataset2/blended/223_1637_1408.png,/share/linmingheng-local/xuke/datasets/rmagnet_sma_dataset2/transmission_layer/223_1637_1408.png,/share/linmingheng-local/xuke/datasets/rmagnet_sma_dataset2/reflection_90/223_1637_1408.png,/share/linmingheng-local/xuke/datasets/rmagnet_sma_dataset2/dolp/223_1637_1408.png
223_2791_1307,train,223,data_set2,240,208,/share/linmingheng-local/xuke/datasets/rmagnet_sma_dataset2/blended/223_2791_1307.png,/share/linmingheng-local/xuke/datasets/rmagnet_sma_dataset2/transmission_layer/223_2791_1307.png,/share/linmingheng-local/xuke/datasets/rmagnet_sma_dataset2/reflection_90/223_2791_1307.png,/share/linmingheng-local/xuke/datasets/rmagnet_sma_dataset2/dolp/223_2791_1307.png
224_1135_1489,train,224,data_set2,560,352,/share/linmingheng-local/xuke/datasets/rmagnet_sma_dataset2/blended/224_1135_1489.png,/share/linmingheng-local/xuke/datasets/rmagnet_sma_dataset2/transmission_layer/224_1135_1489.png,/share/linmingheng-local/xuke/datasets/rmagnet_sma_dataset2/reflection_90/224_1135_1489.png,/share/linmingheng-local/xuke/datasets/rmagnet_sma_dataset2/dolp/224_1135_1489.png
224_1135_1917,train,224,data_set2,544,368,/share/linmingheng-local/xuke/datasets/rmagnet_sma_dataset2/blended/224_1135_1917.png,/share/linmingheng-local/xuke/datasets/rmagnet_sma_dataset2/transmission_layer/224_1135_1917.png,/share/linmingheng-local/xuke/datasets/rmagnet_sma_dataset2/reflection_90/224_1135_1917.png,/share/linmingheng-local/xuke/datasets/rmagnet_sma_dataset2/dolp/224_1135_1917.png
224_2976_2064,train,224,data_set2,384,224,/share/linmingheng-local/xuke/datasets/rmagnet_sma_dataset2/blended/224_2976_2064.png,/share/linmingheng-local/xuke/datasets/rmagnet_sma_dataset2/transmission_layer/224_2976_2064.png,/share/linmingheng-local/xuke/datasets/rmagnet_sma_dataset2/reflection_90/224_2976_2064.png,/share/linmingheng-local/xuke/datasets/rmagnet_sma_dataset2/dolp/224_2976_2064.png
225_1903_1408,train,225,data_set2,528,384,/share/linmingheng-local/xuke/datasets/rmagnet_sma_dataset2/blended/225_1903_1408.png,/share/linmingheng-local/xuke/datasets/rmagnet_sma_dataset2/transmission_layer/225_1903_1408.png,/share/linmingheng-local/xuke/datasets/rmagnet_sma_dataset2/reflection_90/225_1903_1408.png,/share/linmingheng-local/xuke/datasets/rmagnet_sma_dataset2/dolp/225_1903_1408.png
228_2165_2143,train,228,data_set2,528,352,/share/linmingheng-local/xuke/datasets/rmagnet_sma_dataset2/blended/228_2165_2143.png,/share/linmingheng-local/xuke/datasets/rmagnet_sma_dataset2/transmission_layer/228_2165_2143.png,/share/linmingheng-local/xuke/datasets/rmagnet_sma_dataset2/reflection_90/228_2165_2143.png,/share/linmingheng-local/xuke/datasets/rmagnet_sma_dataset2/dolp/228_2165_2143.png
22_4096_3772,train,22,original-clean-v3,576,336,/share/linmingheng-local/xuke/datasets/rmagnet_sma_dataset2/blended/22_4096_3772.png,/share/linmingheng-local/xuke/datasets/rmagnet_sma_dataset2/transmission_layer/22_4096_3772.png,/share/linmingheng-local/xuke/datasets/rmagnet_sma_dataset2/reflection_90/22_4096_3772.png,/share/linmingheng-local/xuke/datasets/rmagnet_sma_dataset2/dolp/22_4096_3772.png
231_2336_1612,train,231,data_set2,512,368,/share/linmingheng-local/xuke/datasets/rmagnet_sma_dataset2/blended/231_2336_1612.png,/share/linmingheng-local/xuke/datasets/rmagnet_sma_dataset2/transmission_layer/231_2336_1612.png,/share/linmingheng-local/xuke/datasets/rmagnet_sma_dataset2/reflection_90/231_2336_1612.png,/share/linmingheng-local/xuke/datasets/rmagnet_sma_dataset2/dolp/231_2336_1612.png
232_1879_2059,train,232,data_set2,400,352,/share/linmingheng-local/xuke/datasets/rmagnet_sma_dataset2/blended/232_1879_2059.png,/share/linmingheng-local/xuke/datasets/rmagnet_sma_dataset2/transmission_layer/232_1879_2059.png,/share/linmingheng-local/xuke/datasets/rmagnet_sma_dataset2/reflection_90/232_1879_2059.png,/share/linmingheng-local/xuke/datasets/rmagnet_sma_dataset2/dolp/232_1879_2059.png
233_1963_1882,train,233,data_set2,208,224,/share/linmingheng-local/xuke/datasets/rmagnet_sma_dataset2/blended/233_1963_1882.png,/share/linmingheng-local/xuke/datasets/rmagnet_sma_dataset2/transmission_layer/233_1963_1882.png,/share/linmingheng-local/xuke/datasets/rmagnet_sma_dataset2/reflection_90/233_1963_1882.png,/share/linmingheng-local/xuke/datasets/rmagnet_sma_dataset2/dolp/233_1963_1882.png
234_1541_1438,train,234,data_set2,576,352,/share/linmingheng-local/xuke/datasets/rmagnet_sma_dataset2/blended/234_1541_1438.png,/share/linmingheng-local/xuke/datasets/rmagnet_sma_dataset2/transmission_layer/234_1541_1438.png,/share/linmingheng-local/xuke/datasets/rmagnet_sma_dataset2/reflection_90/234_1541_1438.png,/share/linmingheng-local/xuke/datasets/rmagnet_sma_dataset2/dolp/234_1541_1438.png
234_2040_896,train,234,data_set2,560,352,/share/linmingheng-local/xuke/datasets/rmagnet_sma_dataset2/blended/234_2040_896.png,/share/linmingheng-local/xuke/datasets/rmagnet_sma_dataset2/transmission_layer/234_2040_896.png,/share/linmingheng-local/xuke/datasets/rmagnet_sma_dataset2/reflection_90/234_2040_896.png,/share/linmingheng-local/xuke/datasets/rmagnet_sma_dataset2/dolp/234_2040_896.png
234_2083_316,train,234,data_set2,544,336,/share/linmingheng-local/xuke/datasets/rmagnet_sma_dataset2/blended/234_2083_316.png,/share/linmingheng-local/xuke/datasets/rmagnet_sma_dataset2/transmission_layer/234_2083_316.png,/share/linmingheng-local/xuke/datasets/rmagnet_sma_dataset2/reflection_90/234_2083_316.png,/share/linmingheng-local/xuke/datasets/rmagnet_sma_dataset2/dolp/234_2083_316.png
235_1588_1892,train,235,data_set2,560,384,/share/linmingheng-local/xuke/datasets/rmagnet_sma_dataset2/blended/235_1588_1892.png,/share/linmingheng-local/xuke/datasets/rmagnet_sma_dataset2/transmission_layer/235_1588_1892.png,/share/linmingheng-local/xuke/datasets/rmagnet_sma_dataset2/reflection_90/235_1588_1892.png,/share/linmingheng-local/xuke/datasets/rmagnet_sma_dataset2/dolp/235_1588_1892.png
236_1737_1596,train,236,data_set2,512,368,/share/linmingheng-local/xuke/datasets/rmagnet_sma_dataset2/blended/236_1737_1596.png,/share/linmingheng-local/xuke/datasets/rmagnet_sma_dataset2/transmission_layer/236_1737_1596.png,/share/linmingheng-local/xuke/datasets/rmagnet_sma_dataset2/reflection_90/236_1737_1596.png,/share/linmingheng-local/xuke/datasets/rmagnet_sma_dataset2/dolp/236_1737_1596.png
236_1772_2042,train,236,data_set2,560,368,/share/linmingheng-local/xuke/datasets/rmagnet_sma_dataset2/blended/236_1772_2042.png,/share/linmingheng-local/xuke/datasets/rmagnet_sma_dataset2/transmission_layer/236_1772_2042.png,/share/linmingheng-local/xuke/datasets/rmagnet_sma_dataset2/reflection_90/236_1772_2042.png,/share/linmingheng-local/xuke/datasets/rmagnet_sma_dataset2/dolp/236_1772_2042.png
236_1784_1029,train,236,data_set2,544,368,/share/linmingheng-local/xuke/datasets/rmagnet_sma_dataset2/blended/236_1784_1029.png,/share/linmingheng-local/xuke/datasets/rmagnet_sma_dataset2/transmission_layer/236_1784_1029.png,/share/linmingheng-local/xuke/datasets/rmagnet_sma_dataset2/reflection_90/236_1784_1029.png,/share/linmingheng-local/xuke/datasets/rmagnet_sma_dataset2/dolp/236_1784_1029.png
237_2810_1168,train,237,data_set2,544,368,/share/linmingheng-local/xuke/datasets/rmagnet_sma_dataset2/blended/237_2810_1168.png,/share/linmingheng-local/xuke/datasets/rmagnet_sma_dataset2/transmission_layer/237_2810_1168.png,/share/linmingheng-local/xuke/datasets/rmagnet_sma_dataset2/reflection_90/237_2810_1168.png,/share/linmingheng-local/xuke/datasets/rmagnet_sma_dataset2/dolp/237_2810_1168.png
23_3060_2064,train,23,original-clean-v3,432,464,/share/linmingheng-local/xuke/datasets/rmagnet_sma_dataset2/blended/23_3060_2064.png,/share/linmingheng-local/xuke/datasets/rmagnet_sma_dataset2/transmission_layer/23_3060_2064.png,/share/linmingheng-local/xuke/datasets/rmagnet_sma_dataset2/reflection_90/23_3060_2064.png,/share/linmingheng-local/xuke/datasets/rmagnet_sma_dataset2/dolp/23_3060_2064.png
240_2847_1289,train,240,data_set2,528,368,/share/linmingheng-local/xuke/datasets/rmagnet_sma_dataset2/blended/240_2847_1289.png,/share/linmingheng-local/xuke/datasets/rmagnet_sma_dataset2/transmission_layer/240_2847_1289.png,/share/linmingheng-local/xuke/datasets/rmagnet_sma_dataset2/reflection_90/240_2847_1289.png,/share/linmingheng-local/xuke/datasets/rmagnet_sma_dataset2/dolp/240_2847_1289.png
243_1619_1681,train,243,data_set2,496,416,/share/linmingheng-local/xuke/datasets/rmagnet_sma_dataset2/blended/243_1619_1681.png,/share/linmingheng-local/xuke/datasets/rmagnet_sma_dataset2/transmission_layer/243_1619_1681.png,/share/linmingheng-local/xuke/datasets/rmagnet_sma_dataset2/reflection_90/243_1619_1681.png,/share/linmingheng-local/xuke/datasets/rmagnet_sma_dataset2/dolp/243_1619_1681.png
243_1640_834,train,243,data_set2,496,400,/share/linmingheng-local/xuke/datasets/rmagnet_sma_dataset2/blended/243_1640_834.png,/share/linmingheng-local/xuke/datasets/rmagnet_sma_dataset2/transmission_layer/243_1640_834.png,/share/linmingheng-local/xuke/datasets/rmagnet_sma_dataset2/reflection_90/243_1640_834.png,/share/linmingheng-local/xuke/datasets/rmagnet_sma_dataset2/dolp/243_1640_834.png
248_2284_1973,train,248,data_set2,416,336,/share/linmingheng-local/xuke/datasets/rmagnet_sma_dataset2/blended/248_2284_1973.png,/share/linmingheng-local/xuke/datasets/rmagnet_sma_dataset2/transmission_layer/248_2284_1973.png,/share/linmingheng-local/xuke/datasets/rmagnet_sma_dataset2/reflection_90/248_2284_1973.png,/share/linmingheng-local/xuke/datasets/rmagnet_sma_dataset2/dolp/248_2284_1973.png
24_1213_1554,train,24,original-clean-v3,576,352,/share/linmingheng-local/xuke/datasets/rmagnet_sma_dataset2/blended/24_1213_1554.png,/share/linmingheng-local/xuke/datasets/rmagnet_sma_dataset2/transmission_layer/24_1213_1554.png,/share/linmingheng-local/xuke/datasets/rmagnet_sma_dataset2/reflection_90/24_1213_1554.png,/share/linmingheng-local/xuke/datasets/rmagnet_sma_dataset2/dolp/24_1213_1554.png
250_1375_1211,train,250,data_set2,560,368,/share/linmingheng-local/xuke/datasets/rmagnet_sma_dataset2/blended/250_1375_1211.png,/share/linmingheng-local/xuke/datasets/rmagnet_sma_dataset2/transmission_layer/250_1375_1211.png,/share/linmingheng-local/xuke/datasets/rmagnet_sma_dataset2/reflection_90/250_1375_1211.png,/share/linmingheng-local/xuke/datasets/rmagnet_sma_dataset2/dolp/250_1375_1211.png
253_2772_2219,train,253,data_set2,448,432,/share/linmingheng-local/xuke/datasets/rmagnet_sma_dataset2/blended/253_2772_2219.png,/share/linmingheng-local/xuke/datasets/rmagnet_sma_dataset2/transmission_layer/253_2772_2219.png,/share/linmingheng-local/xuke/datasets/rmagnet_sma_dataset2/reflection_90/253_2772_2219.png,/share/linmingheng-local/xuke/datasets/rmagnet_sma_dataset2/dolp/253_2772_2219.png
253_2775_1579,train,253,data_set2,512,400,/share/linmingheng-local/xuke/datasets/rmagnet_sma_dataset2/blended/253_2775_1579.png,/share/linmingheng-local/xuke/datasets/rmagnet_sma_dataset2/transmission_layer/253_2775_1579.png,/share/linmingheng-local/xuke/datasets/rmagnet_sma_dataset2/reflection_90/253_2775_1579.png,/share/linmingheng-local/xuke/datasets/rmagnet_sma_dataset2/dolp/253_2775_1579.png
259_1844_2329,train,259,data_set2,448,448,/share/linmingheng-local/xuke/datasets/rmagnet_sma_dataset2/blended/259_1844_2329.png,/share/linmingheng-local/xuke/datasets/rmagnet_sma_dataset2/transmission_layer/259_1844_2329.png,/share/linmingheng-local/xuke/datasets/rmagnet_sma_dataset2/reflection_90/259_1844_2329.png,/share/linmingheng-local/xuke/datasets/rmagnet_sma_dataset2/dolp/259_1844_2329.png
261_1514_1538,train,261,data_set2,336,576,/share/linmingheng-local/xuke/datasets/rmagnet_sma_dataset2/blended/261_1514_1538.png,/share/linmingheng-local/xuke/datasets/rmagnet_sma_dataset2/transmission_layer/261_1514_1538.png,/share/linmingheng-local/xuke/datasets/rmagnet_sma_dataset2/reflection_90/261_1514_1538.png,/share/linmingheng-local/xuke/datasets/rmagnet_sma_dataset2/dolp/261_1514_1538.png
261_2313_1351,train,261,data_set2,512,400,/share/linmingheng-local/xuke/datasets/rmagnet_sma_dataset2/blended/261_2313_1351.png,/share/linmingheng-local/xuke/datasets/rmagnet_sma_dataset2/transmission_layer/261_2313_1351.png,/share/linmingheng-local/xuke/datasets/rmagnet_sma_dataset2/reflection_90/261_2313_1351.png,/share/linmingheng-local/xuke/datasets/rmagnet_sma_dataset2/dolp/261_2313_1351.png
261_616_1000,train,261,data_set2,528,384,/share/linmingheng-local/xuke/datasets/rmagnet_sma_dataset2/blended/261_616_1000.png,/share/linmingheng-local/xuke/datasets/rmagnet_sma_dataset2/transmission_layer/261_616_1000.png,/share/linmingheng-local/xuke/datasets/rmagnet_sma_dataset2/reflection_90/261_616_1000.png,/share/linmingheng-local/xuke/datasets/rmagnet_sma_dataset2/dolp/261_616_1000.png
262_1276_2445,train,262,data_set2,528,400,/share/linmingheng-local/xuke/datasets/rmagnet_sma_dataset2/blended/262_1276_2445.png,/share/linmingheng-local/xuke/datasets/rmagnet_sma_dataset2/transmission_layer/262_1276_2445.png,/share/linmingheng-local/xuke/datasets/rmagnet_sma_dataset2/reflection_90/262_1276_2445.png,/share/linmingheng-local/xuke/datasets/rmagnet_sma_dataset2/dolp/262_1276_2445.png
262_1930_1734,train,262,data_set2,608,336,/share/linmingheng-local/xuke/datasets/rmagnet_sma_dataset2/blended/262_1930_1734.png,/share/linmingheng-local/xuke/datasets/rmagnet_sma_dataset2/transmission_layer/262_1930_1734.png,/share/linmingheng-local/xuke/datasets/rmagnet_sma_dataset2/reflection_90/262_1930_1734.png,/share/linmingheng-local/xuke/datasets/rmagnet_sma_dataset2/dolp/262_1930_1734.png
263_2812_2761,train,263,data_set2,544,256,/share/linmingheng-local/xuke/datasets/rmagnet_sma_dataset2/blended/263_2812_2761.png,/share/linmingheng-local/xuke/datasets/rmagnet_sma_dataset2/transmission_layer/263_2812_2761.png,/share/linmingheng-local/xuke/datasets/rmagnet_sma_dataset2/reflection_90/263_2812_2761.png,/share/linmingheng-local/xuke/datasets/rmagnet_sma_dataset2/dolp/263_2812_2761.png
264_1592_1782,train,264,data_set2,464,400,/share/linmingheng-local/xuke/datasets/rmagnet_sma_dataset2/blended/264_1592_1782.png,/share/linmingheng-local/xuke/datasets/rmagnet_sma_dataset2/transmission_layer/264_1592_1782.png,/share/linmingheng-local/xuke/datasets/rmagnet_sma_dataset2/reflection_90/264_1592_1782.png,/share/linmingheng-local/xuke/datasets/rmagnet_sma_dataset2/dolp/264_1592_1782.png
26_2048_1964,train,26,original-clean-v3,592,320,/share/linmingheng-local/xuke/datasets/rmagnet_sma_dataset2/blended/26_2048_1964.png,/share/linmingheng-local/xuke/datasets/rmagnet_sma_dataset2/transmission_layer/26_2048_1964.png,/share/linmingheng-local/xuke/datasets/rmagnet_sma_dataset2/reflection_90/26_2048_1964.png,/share/linmingheng-local/xuke/datasets/rmagnet_sma_dataset2/dolp/26_2048_1964.png
270_2439_1796,train,270,data_set2,528,384,/share/linmingheng-local/xuke/datasets/rmagnet_sma_dataset2/blended/270_2439_1796.png,/share/linmingheng-local/xuke/datasets/rmagnet_sma_dataset2/transmission_layer/270_2439_1796.png,/share/linmingheng-local/xuke/datasets/rmagnet_sma_dataset2/reflection_90/270_2439_1796.png,/share/linmingheng-local/xuke/datasets/rmagnet_sma_dataset2/dolp/270_2439_1796.png
273_2019_1952,train,273,data_set2,480,416,/share/linmingheng-local/xuke/datasets/rmagnet_sma_dataset2/blended/273_2019_1952.png,/share/linmingheng-local/xuke/datasets/rmagnet_sma_dataset2/transmission_layer/273_2019_1952.png,/share/linmingheng-local/xuke/datasets/rmagnet_sma_dataset2/reflection_90/273_2019_1952.png,/share/linmingheng-local/xuke/datasets/rmagnet_sma_dataset2/dolp/273_2019_1952.png
275_2161_788,train,275,data_set2,464,416,/share/linmingheng-local/xuke/datasets/rmagnet_sma_dataset2/blended/275_2161_788.png,/share/linmingheng-local/xuke/datasets/rmagnet_sma_dataset2/transmission_layer/275_2161_788.png,/share/linmingheng-local/xuke/datasets/rmagnet_sma_dataset2/reflection_90/275_2161_788.png,/share/linmingheng-local/xuke/datasets/rmagnet_sma_dataset2/dolp/275_2161_788.png
276_2271_1147,train,276,data_set2,608,336,/share/linmingheng-local/xuke/datasets/rmagnet_sma_dataset2/blended/276_2271_1147.png,/share/linmingheng-local/xuke/datasets/rmagnet_sma_dataset2/transmission_layer/276_2271_1147.png,/share/linmingheng-local/xuke/datasets/rmagnet_sma_dataset2/reflection_90/276_2271_1147.png,/share/linmingheng-local/xuke/datasets/rmagnet_sma_dataset2/dolp/276_2271_1147.png
27_2081_972,train,27,original-clean-v3,336,560,/share/linmingheng-local/xuke/datasets/rmagnet_sma_dataset2/blended/27_2081_972.png,/share/linmingheng-local/xuke/datasets/rmagnet_sma_dataset2/transmission_layer/27_2081_972.png,/share/linmingheng-local/xuke/datasets/rmagnet_sma_dataset2/reflection_90/27_2081_972.png,/share/linmingheng-local/xuke/datasets/rmagnet_sma_dataset2/dolp/27_2081_972.png
28_1254_1138,train,28,original-clean-v3,496,400,/share/linmingheng-local/xuke/datasets/rmagnet_sma_dataset2/blended/28_1254_1138.png,/share/linmingheng-local/xuke/datasets/rmagnet_sma_dataset2/transmission_layer/28_1254_1138.png,/share/linmingheng-local/xuke/datasets/rmagnet_sma_dataset2/reflection_90/28_1254_1138.png,/share/linmingheng-local/xuke/datasets/rmagnet_sma_dataset2/dolp/28_1254_1138.png
29_1776_1369,train,29,original-clean-v3,512,384,/share/linmingheng-local/xuke/datasets/rmagnet_sma_dataset2/blended/29_1776_1369.png,/share/linmingheng-local/xuke/datasets/rmagnet_sma_dataset2/transmission_layer/29_1776_1369.png,/share/linmingheng-local/xuke/datasets/rmagnet_sma_dataset2/reflection_90/29_1776_1369.png,/share/linmingheng-local/xuke/datasets/rmagnet_sma_dataset2/dolp/29_1776_1369.png
30_1097_1056,train,30,original-clean-v3,432,464,/share/linmingheng-local/xuke/datasets/rmagnet_sma_dataset2/blended/30_1097_1056.png,/share/linmingheng-local/xuke/datasets/rmagnet_sma_dataset2/transmission_layer/30_1097_1056.png,/share/linmingheng-local/xuke/datasets/rmagnet_sma_dataset2/reflection_90/30_1097_1056.png,/share/linmingheng-local/xuke/datasets/rmagnet_sma_dataset2/dolp/30_1097_1056.png
30_2864_1079,train,30,original-clean-v3,416,496,/share/linmingheng-local/xuke/datasets/rmagnet_sma_dataset2/blended/30_2864_1079.png,/share/linmingheng-local/xuke/datasets/rmagnet_sma_dataset2/transmission_layer/30_2864_1079.png,/share/linmingheng-local/xuke/datasets/rmagnet_sma_dataset2/reflection_90/30_2864_1079.png,/share/linmingheng-local/xuke/datasets/rmagnet_sma_dataset2/dolp/30_2864_1079.png
31_1037_1174,train,31,original-clean-v3,448,432,/share/linmingheng-local/xuke/datasets/rmagnet_sma_dataset2/blended/31_1037_1174.png,/share/linmingheng-local/xuke/datasets/rmagnet_sma_dataset2/transmission_layer/31_1037_1174.png,/share/linmingheng-local/xuke/datasets/rmagnet_sma_dataset2/reflection_90/31_1037_1174.png,/share/linmingheng-local/xuke/datasets/rmagnet_sma_dataset2/dolp/31_1037_1174.png
31_2360_1328,train,31,original-clean-v3,320,608,/share/linmingheng-local/xuke/datasets/rmagnet_sma_dataset2/blended/31_2360_1328.png,/share/linmingheng-local/xuke/datasets/rmagnet_sma_dataset2/transmission_layer/31_2360_1328.png,/share/linmingheng-local/xuke/datasets/rmagnet_sma_dataset2/reflection_90/31_2360_1328.png,/share/linmingheng-local/xuke/datasets/rmagnet_sma_dataset2/dolp/31_2360_1328.png
32_1340_1085,train,32,original-clean-v3,480,400,/share/linmingheng-local/xuke/datasets/rmagnet_sma_dataset2/blended/32_1340_1085.png,/share/linmingheng-local/xuke/datasets/rmagnet_sma_dataset2/transmission_layer/32_1340_1085.png,/share/linmingheng-local/xuke/datasets/rmagnet_sma_dataset2/reflection_90/32_1340_1085.png,/share/linmingheng-local/xuke/datasets/rmagnet_sma_dataset2/dolp/32_1340_1085.png
32_3035_1435,train,32,original-clean-v3,400,480,/share/linmingheng-local/xuke/datasets/rmagnet_sma_dataset2/blended/32_3035_1435.png,/share/linmingheng-local/xuke/datasets/rmagnet_sma_dataset2/transmission_layer/32_3035_1435.png,/share/linmingheng-local/xuke/datasets/rmagnet_sma_dataset2/reflection_90/32_3035_1435.png,/share/linmingheng-local/xuke/datasets/rmagnet_sma_dataset2/dolp/32_3035_1435.png
33_3616_1565,train,33,original-clean-v3,384,512,/share/linmingheng-local/xuke/datasets/rmagnet_sma_dataset2/blended/33_3616_1565.png,/share/linmingheng-local/xuke/datasets/rmagnet_sma_dataset2/transmission_layer/33_3616_1565.png,/share/linmingheng-local/xuke/datasets/rmagnet_sma_dataset2/reflection_90/33_3616_1565.png,/share/linmingheng-local/xuke/datasets/rmagnet_sma_dataset2/dolp/33_3616_1565.png
34_1046_948,train,34,original-clean-v3,512,400,/share/linmingheng-local/xuke/datasets/rmagnet_sma_dataset2/blended/34_1046_948.png,/share/linmingheng-local/xuke/datasets/rmagnet_sma_dataset2/transmission_layer/34_1046_948.png,/share/linmingheng-local/xuke/datasets/rmagnet_sma_dataset2/reflection_90/34_1046_948.png,/share/linmingheng-local/xuke/datasets/rmagnet_sma_dataset2/dolp/34_1046_948.png
34_2977_1281,train,34,original-clean-v3,464,416,/share/linmingheng-local/xuke/datasets/rmagnet_sma_dataset2/blended/34_2977_1281.png,/share/linmingheng-local/xuke/datasets/rmagnet_sma_dataset2/transmission_layer/34_2977_1281.png,/share/linmingheng-local/xuke/datasets/rmagnet_sma_dataset2/reflection_90/34_2977_1281.png,/share/linmingheng-local/xuke/datasets/rmagnet_sma_dataset2/dolp/34_2977_1281.png
37_2117_1708,train,37,original-clean-v3,464,432,/share/linmingheng-local/xuke/datasets/rmagnet_sma_dataset2/blended/37_2117_1708.png,/share/linmingheng-local/xuke/datasets/rmagnet_sma_dataset2/transmission_layer/37_2117_1708.png,/share/linmingheng-local/xuke/datasets/rmagnet_sma_dataset2/reflection_90/37_2117_1708.png,/share/linmingheng-local/xuke/datasets/rmagnet_sma_dataset2/dolp/37_2117_1708.png
37_305_2028,train,37,original-clean-v3,272,704,/share/linmingheng-local/xuke/datasets/rmagnet_sma_dataset2/blended/37_305_2028.png,/share/linmingheng-local/xuke/datasets/rmagnet_sma_dataset2/transmission_layer/37_305_2028.png,/share/linmingheng-local/xuke/datasets/rmagnet_sma_dataset2/reflection_90/37_305_2028.png,/share/linmingheng-local/xuke/datasets/rmagnet_sma_dataset2/dolp/37_305_2028.png
37_3102_1690,train,37,original-clean-v3,336,560,/share/linmingheng-local/xuke/datasets/rmagnet_sma_dataset2/blended/37_3102_1690.png,/share/linmingheng-local/xuke/datasets/rmagnet_sma_dataset2/transmission_layer/37_3102_1690.png,/share/linmingheng-local/xuke/datasets/rmagnet_sma_dataset2/reflection_90/37_3102_1690.png,/share/linmingheng-local/xuke/datasets/rmagnet_sma_dataset2/dolp/37_3102_1690.png
37_910_682,train,37,original-clean-v3,512,384,/share/linmingheng-local/xuke/datasets/rmagnet_sma_dataset2/blended/37_910_682.png,/share/linmingheng-local/xuke/datasets/rmagnet_sma_dataset2/transmission_layer/37_910_682.png,/share/linmingheng-local/xuke/datasets/rmagnet_sma_dataset2/reflection_90/37_910_682.png,/share/linmingheng-local/xuke/datasets/rmagnet_sma_dataset2/dolp/37_910_682.png
39_1714_848,train,39,original-clean-v3,496,384,/share/linmingheng-local/xuke/datasets/rmagnet_sma_dataset2/blended/39_1714_848.png,/share/linmingheng-local/xuke/datasets/rmagnet_sma_dataset2/transmission_layer/39_1714_848.png,/share/linmingheng-local/xuke/datasets/rmagnet_sma_dataset2/reflection_90/39_1714_848.png,/share/linmingheng-local/xuke/datasets/rmagnet_sma_dataset2/dolp/39_1714_848.png
40_2722_1233,train,40,original-clean-v3,480,384,/share/linmingheng-local/xuke/datasets/rmagnet_sma_dataset2/blended/40_2722_1233.png,/share/linmingheng-local/xuke/datasets/rmagnet_sma_dataset2/transmission_layer/40_2722_1233.png,/share/linmingheng-local/xuke/datasets/rmagnet_sma_dataset2/reflection_90/40_2722_1233.png,/share/linmingheng-local/xuke/datasets/rmagnet_sma_dataset2/dolp/40_2722_1233.png
41_1020_1542,train,41,original-clean-v3,352,560,/share/linmingheng-local/xuke/datasets/rmagnet_sma_dataset2/blended/41_1020_1542.png,/share/linmingheng-local/xuke/datasets/rmagnet_sma_dataset2/transmission_layer/41_1020_1542.png,/share/linmingheng-local/xuke/datasets/rmagnet_sma_dataset2/reflection_90/41_1020_1542.png,/share/linmingheng-local/xuke/datasets/rmagnet_sma_dataset2/dolp/41_1020_1542.png
41_3083_1577,train,41,original-clean-v3,368,544,/share/linmingheng-local/xuke/datasets/rmagnet_sma_dataset2/blended/41_3083_1577.png,/share/linmingheng-local/xuke/datasets/rmagnet_sma_dataset2/transmission_layer/41_3083_1577.png,/share/linmingheng-local/xuke/datasets/rmagnet_sma_dataset2/reflection_90/41_3083_1577.png,/share/linmingheng-local/xuke/datasets/rmagnet_sma_dataset2/dolp/41_3083_1577.png
42_2490_2069,train,42,original-clean-v3,560,352,/share/linmingheng-local/xuke/datasets/rmagnet_sma_dataset2/blended/42_2490_2069.png,/share/linmingheng-local/xuke/datasets/rmagnet_sma_dataset2/transmission_layer/42_2490_2069.png,/share/linmingheng-local/xuke/datasets/rmagnet_sma_dataset2/reflection_90/42_2490_2069.png,/share/linmingheng-local/xuke/datasets/rmagnet_sma_dataset2/dolp/42_2490_2069.png
45_1636_2212,train,45,original-clean-v3,320,592,/share/linmingheng-local/xuke/datasets/rmagnet_sma_dataset2/blended/45_1636_2212.png,/share/linmingheng-local/xuke/datasets/rmagnet_sma_dataset2/transmission_layer/45_1636_2212.png,/share/linmingheng-local/xuke/datasets/rmagnet_sma_dataset2/reflection_90/45_1636_2212.png,/share/linmingheng-local/xuke/datasets/rmagnet_sma_dataset2/dolp/45_1636_2212.png
45_3279_492,train,45,original-clean-v3,560,352,/share/linmingheng-local/xuke/datasets/rmagnet_sma_dataset2/blended/45_3279_492.png,/share/linmingheng-local/xuke/datasets/rmagnet_sma_dataset2/transmission_layer/45_3279_492.png,/share/linmingheng-local/xuke/datasets/rmagnet_sma_dataset2/reflection_90/45_3279_492.png,/share/linmingheng-local/xuke/datasets/rmagnet_sma_dataset2/dolp/45_3279_492.png
48_1702_1227,train,48,original-clean-v3,336,592,/share/linmingheng-local/xuke/datasets/rmagnet_sma_dataset2/blended/48_1702_1227.png,/share/linmingheng-local/xuke/datasets/rmagnet_sma_dataset2/transmission_layer/48_1702_1227.png,/share/linmingheng-local/xuke/datasets/rmagnet_sma_dataset2/reflection_90/48_1702_1227.png,/share/linmingheng-local/xuke/datasets/rmagnet_sma_dataset2/dolp/48_1702_1227.png
49_1023_1387,train,49,original-clean-v3,384,496,/share/linmingheng-local/xuke/datasets/rmagnet_sma_dataset2/blended/49_1023_1387.png,/share/linmingheng-local/xuke/datasets/rmagnet_sma_dataset2/transmission_layer/49_1023_1387.png,/share/linmingheng-local/xuke/datasets/rmagnet_sma_dataset2/reflection_90/49_1023_1387.png,/share/linmingheng-local/xuke/datasets/rmagnet_sma_dataset2/dolp/49_1023_1387.png
50_2206_960,train,50,original-clean-v3,544,368,/share/linmingheng-local/xuke/datasets/rmagnet_sma_dataset2/blended/50_2206_960.png,/share/linmingheng-local/xuke/datasets/rmagnet_sma_dataset2/transmission_layer/50_2206_960.png,/share/linmingheng-local/xuke/datasets/rmagnet_sma_dataset2/reflection_90/50_2206_960.png,/share/linmingheng-local/xuke/datasets/rmagnet_sma_dataset2/dolp/50_2206_960.png
50_2271_2544,train,50,original-clean-v3,512,368,/share/linmingheng-local/xuke/datasets/rmagnet_sma_dataset2/blended/50_2271_2544.png,/share/linmingheng-local/xuke/datasets/rmagnet_sma_dataset2/transmission_layer/50_2271_2544.png,/share/linmingheng-local/xuke/datasets/rmagnet_sma_dataset2/reflection_90/50_2271_2544.png,/share/linmingheng-local/xuke/datasets/rmagnet_sma_dataset2/dolp/50_2271_2544.png
51_1625_2069,train,51,original-clean-v3,464,400,/share/linmingheng-local/xuke/datasets/rmagnet_sma_dataset2/blended/51_1625_2069.png,/share/linmingheng-local/xuke/datasets/rmagnet_sma_dataset2/transmission_layer/51_1625_2069.png,/share/linmingheng-local/xuke/datasets/rmagnet_sma_dataset2/reflection_90/51_1625_2069.png,/share/linmingheng-local/xuke/datasets/rmagnet_sma_dataset2/dolp/51_1625_2069.png
51_1892_795,train,51,original-clean-v3,672,304,/share/linmingheng-local/xuke/datasets/rmagnet_sma_dataset2/blended/51_1892_795.png,/share/linmingheng-local/xuke/datasets/rmagnet_sma_dataset2/transmission_layer/51_1892_795.png,/share/linmingheng-local/xuke/datasets/rmagnet_sma_dataset2/reflection_90/51_1892_795.png,/share/linmingheng-local/xuke/datasets/rmagnet_sma_dataset2/dolp/51_1892_795.png
53_1381_735,train,53,original-clean-v3,384,480,/share/linmingheng-local/xuke/datasets/rmagnet_sma_dataset2/blended/53_1381_735.png,/share/linmingheng-local/xuke/datasets/rmagnet_sma_dataset2/transmission_layer/53_1381_735.png,/share/linmingheng-local/xuke/datasets/rmagnet_sma_dataset2/reflection_90/53_1381_735.png,/share/linmingheng-local/xuke/datasets/rmagnet_sma_dataset2/dolp/53_1381_735.png
53_2556_1085,train,53,original-clean-v3,384,480,/share/linmingheng-local/xuke/datasets/rmagnet_sma_dataset2/blended/53_2556_1085.png,/share/linmingheng-local/xuke/datasets/rmagnet_sma_dataset2/transmission_layer/53_2556_1085.png,/share/linmingheng-local/xuke/datasets/rmagnet_sma_dataset2/reflection_90/53_2556_1085.png,/share/linmingheng-local/xuke/datasets/rmagnet_sma_dataset2/dolp/53_2556_1085.png
54_2491_872,train,54,original-clean-v3,592,352,/share/linmingheng-local/xuke/datasets/rmagnet_sma_dataset2/blended/54_2491_872.png,/share/linmingheng-local/xuke/datasets/rmagnet_sma_dataset2/transmission_layer/54_2491_872.png,/share/linmingheng-local/xuke/datasets/rmagnet_sma_dataset2/reflection_90/54_2491_872.png,/share/linmingheng-local/xuke/datasets/rmagnet_sma_dataset2/dolp/54_2491_872.png
56_2206_1085,train,56,original-clean-v3,384,560,/share/linmingheng-local/xuke/datasets/rmagnet_sma_dataset2/blended/56_2206_1085.png,/share/linmingheng-local/xuke/datasets/rmagnet_sma_dataset2/transmission_layer/56_2206_1085.png,/share/linmingheng-local/xuke/datasets/rmagnet_sma_dataset2/reflection_90/56_2206_1085.png,/share/linmingheng-local/xuke/datasets/rmagnet_sma_dataset2/dolp/56_2206_1085.png
56_2698_1114,train,56,original-clean-v3,688,288,/share/linmingheng-local/xuke/datasets/rmagnet_sma_dataset2/blended/56_2698_1114.png,/share/linmingheng-local/xuke/datasets/rmagnet_sma_dataset2/transmission_layer/56_2698_1114.png,/share/linmingheng-local/xuke/datasets/rmagnet_sma_dataset2/reflection_90/56_2698_1114.png,/share/linmingheng-local/xuke/datasets/rmagnet_sma_dataset2/dolp/56_2698_1114.png
57_2111_1115,train,57,original-clean-v3,528,368,/share/linmingheng-local/xuke/datasets/rmagnet_sma_dataset2/blended/57_2111_1115.png,/share/linmingheng-local/xuke/datasets/rmagnet_sma_dataset2/transmission_layer/57_2111_1115.png,/share/linmingheng-local/xuke/datasets/rmagnet_sma_dataset2/reflection_90/57_2111_1115.png,/share/linmingheng-local/xuke/datasets/rmagnet_sma_dataset2/dolp/57_2111_1115.png
58_2870_634,train,58,original-clean-v3,384,528,/share/linmingheng-local/xuke/datasets/rmagnet_sma_dataset2/blended/58_2870_634.png,/share/linmingheng-local/xuke/datasets/rmagnet_sma_dataset2/transmission_layer/58_2870_634.png,/share/linmingheng-local/xuke/datasets/rmagnet_sma_dataset2/reflection_90/58_2870_634.png,/share/linmingheng-local/xuke/datasets/rmagnet_sma_dataset2/dolp/58_2870_634.png
59_1981_1097,train,59,original-clean-v3,416,480,/share/linmingheng-local/xuke/datasets/rmagnet_sma_dataset2/blended/59_1981_1097.png,/share/linmingheng-local/xuke/datasets/rmagnet_sma_dataset2/transmission_layer/59_1981_1097.png,/share/linmingheng-local/xuke/datasets/rmagnet_sma_dataset2/reflection_90/59_1981_1097.png,/share/linmingheng-local/xuke/datasets/rmagnet_sma_dataset2/dolp/59_1981_1097.png
59_474_1607,train,59,original-clean-v3,432,448,/share/linmingheng-local/xuke/datasets/rmagnet_sma_dataset2/blended/59_474_1607.png,/share/linmingheng-local/xuke/datasets/rmagnet_sma_dataset2/transmission_layer/59_474_1607.png,/share/linmingheng-local/xuke/datasets/rmagnet_sma_dataset2/reflection_90/59_474_1607.png,/share/linmingheng-local/xuke/datasets/rmagnet_sma_dataset2/dolp/59_474_1607.png
61_1714_1393,train,61,original-clean-v3,384,496,/share/linmingheng-local/xuke/datasets/rmagnet_sma_dataset2/blended/61_1714_1393.png,/share/linmingheng-local/xuke/datasets/rmagnet_sma_dataset2/transmission_layer/61_1714_1393.png,/share/linmingheng-local/xuke/datasets/rmagnet_sma_dataset2/reflection_90/61_1714_1393.png,/share/linmingheng-local/xuke/datasets/rmagnet_sma_dataset2/dolp/61_1714_1393.png
64_1814_1803,train,64,original-clean-v3,512,384,/share/linmingheng-local/xuke/datasets/rmagnet_sma_dataset2/blended/64_1814_1803.png,/share/linmingheng-local/xuke/datasets/rmagnet_sma_dataset2/transmission_layer/64_1814_1803.png,/share/linmingheng-local/xuke/datasets/rmagnet_sma_dataset2/reflection_90/64_1814_1803.png,/share/linmingheng-local/xuke/datasets/rmagnet_sma_dataset2/dolp/64_1814_1803.png
65_1773_1880,train,65,original-clean-v3,464,432,/share/linmingheng-local/xuke/datasets/rmagnet_sma_dataset2/blended/65_1773_1880.png,/share/linmingheng-local/xuke/datasets/rmagnet_sma_dataset2/transmission_layer/65_1773_1880.png,/share/linmingheng-local/xuke/datasets/rmagnet_sma_dataset2/reflection_90/65_1773_1880.png,/share/linmingheng-local/xuke/datasets/rmagnet_sma_dataset2/dolp/65_1773_1880.png
65_3143_1862,train,65,original-clean-v3,368,544,/share/linmingheng-local/xuke/datasets/rmagnet_sma_dataset2/blended/65_3143_1862.png,/share/linmingheng-local/xuke/datasets/rmagnet_sma_dataset2/transmission_layer/65_3143_1862.png,/share/linmingheng-local/xuke/datasets/rmagnet_sma_dataset2/reflection_90/65_3143_1862.png,/share/linmingheng-local/xuke/datasets/rmagnet_sma_dataset2/dolp/65_3143_1862.png
67_2958_1411,train,67,original-clean-v3,416,480,/share/linmingheng-local/xuke/datasets/rmagnet_sma_dataset2/blended/67_2958_1411.png,/share/linmingheng-local/xuke/datasets/rmagnet_sma_dataset2/transmission_layer/67_2958_1411.png,/share/linmingheng-local/xuke/datasets/rmagnet_sma_dataset2/reflection_90/67_2958_1411.png,/share/linmingheng-local/xuke/datasets/rmagnet_sma_dataset2/dolp/67_2958_1411.png
69_2200_1512,train,69,original-clean-v3,576,368,/share/linmingheng-local/xuke/datasets/rmagnet_sma_dataset2/blended/69_2200_1512.png,/share/linmingheng-local/xuke/datasets/rmagnet_sma_dataset2/transmission_layer/69_2200_1512.png,/share/linmingheng-local/xuke/datasets/rmagnet_sma_dataset2/reflection_90/69_2200_1512.png,/share/linmingheng-local/xuke/datasets/rmagnet_sma_dataset2/dolp/69_2200_1512.png
69_3545_1192,train,69,original-clean-v3,464,416,/share/linmingheng-local/xuke/datasets/rmagnet_sma_dataset2/blended/69_3545_1192.png,/share/linmingheng-local/xuke/datasets/rmagnet_sma_dataset2/transmission_layer/69_3545_1192.png,/share/linmingheng-local/xuke/datasets/rmagnet_sma_dataset2/reflection_90/69_3545_1192.png,/share/linmingheng-local/xuke/datasets/rmagnet_sma_dataset2/dolp/69_3545_1192.png
69_703_2265,train,69,original-clean-v3,688,288,/share/linmingheng-local/xuke/datasets/rmagnet_sma_dataset2/blended/69_703_2265.png,/share/linmingheng-local/xuke/datasets/rmagnet_sma_dataset2/transmission_layer/69_703_2265.png,/share/linmingheng-local/xuke/datasets/rmagnet_sma_dataset2/reflection_90/69_703_2265.png,/share/linmingheng-local/xuke/datasets/rmagnet_sma_dataset2/dolp/69_703_2265.png
72_907_2052,train,72,original-clean-v3,512,384,/share/linmingheng-local/xuke/datasets/rmagnet_sma_dataset2/blended/72_907_2052.png,/share/linmingheng-local/xuke/datasets/rmagnet_sma_dataset2/transmission_layer/72_907_2052.png,/share/linmingheng-local/xuke/datasets/rmagnet_sma_dataset2/reflection_90/72_907_2052.png,/share/linmingheng-local/xuke/datasets/rmagnet_sma_dataset2/dolp/72_907_2052.png
75_1580_1939,train,75,original-clean-v3,512,368,/share/linmingheng-local/xuke/datasets/rmagnet_sma_dataset2/blended/75_1580_1939.png,/share/linmingheng-local/xuke/datasets/rmagnet_sma_dataset2/transmission_layer/75_1580_1939.png,/share/linmingheng-local/xuke/datasets/rmagnet_sma_dataset2/reflection_90/75_1580_1939.png,/share/linmingheng-local/xuke/datasets/rmagnet_sma_dataset2/dolp/75_1580_1939.png
76_2651_1192,train,76,original-clean-v3,432,448,/share/linmingheng-local/xuke/datasets/rmagnet_sma_dataset2/blended/76_2651_1192.png,/share/linmingheng-local/xuke/datasets/rmagnet_sma_dataset2/transmission_layer/76_2651_1192.png,/share/linmingheng-local/xuke/datasets/rmagnet_sma_dataset2/reflection_90/76_2651_1192.png,/share/linmingheng-local/xuke/datasets/rmagnet_sma_dataset2/dolp/76_2651_1192.png
79_1269_2342,train,79,original-clean-v3,480,384,/share/linmingheng-local/xuke/datasets/rmagnet_sma_dataset2/blended/79_1269_2342.png,/share/linmingheng-local/xuke/datasets/rmagnet_sma_dataset2/transmission_layer/79_1269_2342.png,/share/linmingheng-local/xuke/datasets/rmagnet_sma_dataset2/reflection_90/79_1269_2342.png,/share/linmingheng-local/xuke/datasets/rmagnet_sma_dataset2/dolp/79_1269_2342.png
80_1536_1541,train,80,original-clean-v3,640,320,/share/linmingheng-local/xuke/datasets/rmagnet_sma_dataset2/blended/80_1536_1541.png,/share/linmingheng-local/xuke/datasets/rmagnet_sma_dataset2/transmission_layer/80_1536_1541.png,/share/linmingheng-local/xuke/datasets/rmagnet_sma_dataset2/reflection_90/80_1536_1541.png,/share/linmingheng-local/xuke/datasets/rmagnet_sma_dataset2/dolp/80_1536_1541.png
81_1986_895,train,81,original-clean-v3,448,432,/share/linmingheng-local/xuke/datasets/rmagnet_sma_dataset2/blended/81_1986_895.png,/share/linmingheng-local/xuke/datasets/rmagnet_sma_dataset2/transmission_layer/81_1986_895.png,/share/linmingheng-local/xuke/datasets/rmagnet_sma_dataset2/reflection_90/81_1986_895.png,/share/linmingheng-local/xuke/datasets/rmagnet_sma_dataset2/dolp/81_1986_895.png
82_1773_1180,train,82,original-clean-v3,320,592,/share/linmingheng-local/xuke/datasets/rmagnet_sma_dataset2/blended/82_1773_1180.png,/share/linmingheng-local/xuke/datasets/rmagnet_sma_dataset2/transmission_layer/82_1773_1180.png,/share/linmingheng-local/xuke/datasets/rmagnet_sma_dataset2/reflection_90/82_1773_1180.png,/share/linmingheng-local/xuke/datasets/rmagnet_sma_dataset2/dolp/82_1773_1180.png
82_2633_498,train,82,original-clean-v3,416,496,/share/linmingheng-local/xuke/datasets/rmagnet_sma_dataset2/blended/82_2633_498.png,/share/linmingheng-local/xuke/datasets/rmagnet_sma_dataset2/transmission_layer/82_2633_498.png,/share/linmingheng-local/xuke/datasets/rmagnet_sma_dataset2/reflection_90/82_2633_498.png,/share/linmingheng-local/xuke/datasets/rmagnet_sma_dataset2/dolp/82_2633_498.png
83_2817_1737,train,83,original-clean-v3,336,576,/share/linmingheng-local/xuke/datasets/rmagnet_sma_dataset2/blended/83_2817_1737.png,/share/linmingheng-local/xuke/datasets/rmagnet_sma_dataset2/transmission_layer/83_2817_1737.png,/share/linmingheng-local/xuke/datasets/rmagnet_sma_dataset2/reflection_90/83_2817_1737.png,/share/linmingheng-local/xuke/datasets/rmagnet_sma_dataset2/dolp/83_2817_1737.png
84_3385_2016,train,84,original-clean-v3,384,480,/share/linmingheng-local/xuke/datasets/rmagnet_sma_dataset2/blended/84_3385_2016.png,/share/linmingheng-local/xuke/datasets/rmagnet_sma_dataset2/transmission_layer/84_3385_2016.png,/share/linmingheng-local/xuke/datasets/rmagnet_sma_dataset2/reflection_90/84_3385_2016.png,/share/linmingheng-local/xuke/datasets/rmagnet_sma_dataset2/dolp/84_3385_2016.png
85_2941_2253,train,85,original-clean-v3,512,368,/share/linmingheng-local/xuke/datasets/rmagnet_sma_dataset2/blended/85_2941_2253.png,/share/linmingheng-local/xuke/datasets/rmagnet_sma_dataset2/transmission_layer/85_2941_2253.png,/share/linmingheng-local/xuke/datasets/rmagnet_sma_dataset2/reflection_90/85_2941_2253.png,/share/linmingheng-local/xuke/datasets/rmagnet_sma_dataset2/dolp/85_2941_2253.png
87_1957_1417,train,87,original-clean-v3,640,320,/share/linmingheng-local/xuke/datasets/rmagnet_sma_dataset2/blended/87_1957_1417.png,/share/linmingheng-local/xuke/datasets/rmagnet_sma_dataset2/transmission_layer/87_1957_1417.png,/share/linmingheng-local/xuke/datasets/rmagnet_sma_dataset2/reflection_90/87_1957_1417.png,/share/linmingheng-local/xuke/datasets/rmagnet_sma_dataset2/dolp/87_1957_1417.png
89_2490_966,train,89,original-clean-v3,432,464,/share/linmingheng-local/xuke/datasets/rmagnet_sma_dataset2/blended/89_2490_966.png,/share/linmingheng-local/xuke/datasets/rmagnet_sma_dataset2/transmission_layer/89_2490_966.png,/share/linmingheng-local/xuke/datasets/rmagnet_sma_dataset2/reflection_90/89_2490_966.png,/share/linmingheng-local/xuke/datasets/rmagnet_sma_dataset2/dolp/89_2490_966.png
90_1738_1541,train,90,original-clean-v3,656,304,/share/linmingheng-local/xuke/datasets/rmagnet_sma_dataset2/blended/90_1738_1541.png,/share/linmingheng-local/xuke/datasets/rmagnet_sma_dataset2/transmission_layer/90_1738_1541.png,/share/linmingheng-local/xuke/datasets/rmagnet_sma_dataset2/reflection_90/90_1738_1541.png,/share/linmingheng-local/xuke/datasets/rmagnet_sma_dataset2/dolp/90_1738_1541.png
91_4244_2503,train,91,original-clean-v3,336,592,/share/linmingheng-local/xuke/datasets/rmagnet_sma_dataset2/blended/91_4244_2503.png,/share/linmingheng-local/xuke/datasets/rmagnet_sma_dataset2/transmission_layer/91_4244_2503.png,/share/linmingheng-local/xuke/datasets/rmagnet_sma_dataset2/reflection_90/91_4244_2503.png,/share/linmingheng-local/xuke/datasets/rmagnet_sma_dataset2/dolp/91_4244_2503.png
92_4573_3641,train,92,original-clean-v3,448,432,/share/linmingheng-local/xuke/datasets/rmagnet_sma_dataset2/blended/92_4573_3641.png,/share/linmingheng-local/xuke/datasets/rmagnet_sma_dataset2/transmission_layer/92_4573_3641.png,/share/linmingheng-local/xuke/datasets/rmagnet_sma_dataset2/reflection_90/92_4573_3641.png,/share/linmingheng-local/xuke/datasets/rmagnet_sma_dataset2/dolp/92_4573_3641.png
93_2622_768,train,93,original-clean-v3,640,304,/share/linmingheng-local/xuke/datasets/rmagnet_sma_dataset2/blended/93_2622_768.png,/share/linmingheng-local/xuke/datasets/rmagnet_sma_dataset2/transmission_layer/93_2622_768.png,/share/linmingheng-local/xuke/datasets/rmagnet_sma_dataset2/reflection_90/93_2622_768.png,/share/linmingheng-local/xuke/datasets/rmagnet_sma_dataset2/dolp/93_2622_768.png
93_631_1490,train,93,original-clean-v3,480,416,/share/linmingheng-local/xuke/datasets/rmagnet_sma_dataset2/blended/93_631_1490.png,/share/linmingheng-local/xuke/datasets/rmagnet_sma_dataset2/transmission_layer/93_631_1490.png,/share/linmingheng-local/xuke/datasets/rmagnet_sma_dataset2/reflection_90/93_631_1490.png,/share/linmingheng-local/xuke/datasets/rmagnet_sma_dataset2/dolp/93_631_1490.png
95_3117_1319,train,95,original-clean-v3,480,416,/share/linmingheng-local/xuke/datasets/rmagnet_sma_dataset2/blended/95_3117_1319.png,/share/linmingheng-local/xuke/datasets/rmagnet_sma_dataset2/transmission_layer/95_3117_1319.png,/share/linmingheng-local/xuke/datasets/rmagnet_sma_dataset2/reflection_90/95_3117_1319.png,/share/linmingheng-local/xuke/datasets/rmagnet_sma_dataset2/dolp/95_3117_1319.png
96_2492_938,train,96,original-clean-v3,432,448,/share/linmingheng-local/xuke/datasets/rmagnet_sma_dataset2/blended/96_2492_938.png,/share/linmingheng-local/xuke/datasets/rmagnet_sma_dataset2/transmission_layer/96_2492_938.png,/share/linmingheng-local/xuke/datasets/rmagnet_sma_dataset2/reflection_90/96_2492_938.png,/share/linmingheng-local/xuke/datasets/rmagnet_sma_dataset2/dolp/96_2492_938.png
96_978_933,train,96,original-clean-v3,496,368,/share/linmingheng-local/xuke/datasets/rmagnet_sma_dataset2/blended/96_978_933.png,/share/linmingheng-local/xuke/datasets/rmagnet_sma_dataset2/transmission_layer/96_978_933.png,/share/linmingheng-local/xuke/datasets/rmagnet_sma_dataset2/reflection_90/96_978_933.png,/share/linmingheng-local/xuke/datasets/rmagnet_sma_dataset2/dolp/96_978_933.png
97_2287_2361,train,97,original-clean-v3,608,320,/share/linmingheng-local/xuke/datasets/rmagnet_sma_dataset2/blended/97_2287_2361.png,/share/linmingheng-local/xuke/datasets/rmagnet_sma_dataset2/transmission_layer/97_2287_2361.png,/share/linmingheng-local/xuke/datasets/rmagnet_sma_dataset2/reflection_90/97_2287_2361.png,/share/linmingheng-local/xuke/datasets/rmagnet_sma_dataset2/dolp/97_2287_2361.png
98_1365_1069,train,98,original-clean-v3,432,464,/share/linmingheng-local/xuke/datasets/rmagnet_sma_dataset2/blended/98_1365_1069.png,/share/linmingheng-local/xuke/datasets/rmagnet_sma_dataset2/transmission_layer/98_1365_1069.png,/share/linmingheng-local/xuke/datasets/rmagnet_sma_dataset2/reflection_90/98_1365_1069.png,/share/linmingheng-local/xuke/datasets/rmagnet_sma_dataset2/dolp/98_1365_1069.png
98_3055_478,train,98,original-clean-v3,640,304,/share/linmingheng-local/xuke/datasets/rmagnet_sma_dataset2/blended/98_3055_478.png,/share/linmingheng-local/xuke/datasets/rmagnet_sma_dataset2/transmission_layer/98_3055_478.png,/share/linmingheng-local/xuke/datasets/rmagnet_sma_dataset2/reflection_90/98_3055_478.png,/share/linmingheng-local/xuke/datasets/rmagnet_sma_dataset2/dolp/98_3055_478.png
99_2053_1530,train,99,original-clean-v3,368,544,/share/linmingheng-local/xuke/datasets/rmagnet_sma_dataset2/blended/99_2053_1530.png,/share/linmingheng-local/xuke/datasets/rmagnet_sma_dataset2/transmission_layer/99_2053_1530.png,/share/linmingheng-local/xuke/datasets/rmagnet_sma_dataset2/reflection_90/99_2053_1530.png,/share/linmingheng-local/xuke/datasets/rmagnet_sma_dataset2/dolp/99_2053_1530.png
104_2594_1673,validation,104,original-clean-v3,464,432,/share/linmingheng-local/xuke/datasets/rmagnet_sma_dataset2/blended/104_2594_1673.png,/share/linmingheng-local/xuke/datasets/rmagnet_sma_dataset2/transmission_layer/104_2594_1673.png,/share/linmingheng-local/xuke/datasets/rmagnet_sma_dataset2/reflection_90/104_2594_1673.png,/share/linmingheng-local/xuke/datasets/rmagnet_sma_dataset2/dolp/104_2594_1673.png
104_728_1337,validation,104,original-clean-v3,416,464,/share/linmingheng-local/xuke/datasets/rmagnet_sma_dataset2/blended/104_728_1337.png,/share/linmingheng-local/xuke/datasets/rmagnet_sma_dataset2/transmission_layer/104_728_1337.png,/share/linmingheng-local/xuke/datasets/rmagnet_sma_dataset2/reflection_90/104_728_1337.png,/share/linmingheng-local/xuke/datasets/rmagnet_sma_dataset2/dolp/104_728_1337.png
145_5789_2894,validation,145,original-clean-v3,496,384,/share/linmingheng-local/xuke/datasets/rmagnet_sma_dataset2/blended/145_5789_2894.png,/share/linmingheng-local/xuke/datasets/rmagnet_sma_dataset2/transmission_layer/145_5789_2894.png,/share/linmingheng-local/xuke/datasets/rmagnet_sma_dataset2/reflection_90/145_5789_2894.png,/share/linmingheng-local/xuke/datasets/rmagnet_sma_dataset2/dolp/145_5789_2894.png
205_1383_1664,validation,205,data_set2,576,352,/share/linmingheng-local/xuke/datasets/rmagnet_sma_dataset2/blended/205_1383_1664.png,/share/linmingheng-local/xuke/datasets/rmagnet_sma_dataset2/transmission_layer/205_1383_1664.png,/share/linmingheng-local/xuke/datasets/rmagnet_sma_dataset2/reflection_90/205_1383_1664.png,/share/linmingheng-local/xuke/datasets/rmagnet_sma_dataset2/dolp/205_1383_1664.png
205_1443_2135,validation,205,data_set2,544,336,/share/linmingheng-local/xuke/datasets/rmagnet_sma_dataset2/blended/205_1443_2135.png,/share/linmingheng-local/xuke/datasets/rmagnet_sma_dataset2/transmission_layer/205_1443_2135.png,/share/linmingheng-local/xuke/datasets/rmagnet_sma_dataset2/reflection_90/205_1443_2135.png,/share/linmingheng-local/xuke/datasets/rmagnet_sma_dataset2/dolp/205_1443_2135.png
220_2247_2092,validation,220,data_set2,368,272,/share/linmingheng-local/xuke/datasets/rmagnet_sma_dataset2/blended/220_2247_2092.png,/share/linmingheng-local/xuke/datasets/rmagnet_sma_dataset2/transmission_layer/220_2247_2092.png,/share/linmingheng-local/xuke/datasets/rmagnet_sma_dataset2/reflection_90/220_2247_2092.png,/share/linmingheng-local/xuke/datasets/rmagnet_sma_dataset2/dolp/220_2247_2092.png
220_2287_1196,validation,220,data_set2,448,352,/share/linmingheng-local/xuke/datasets/rmagnet_sma_dataset2/blended/220_2287_1196.png,/share/linmingheng-local/xuke/datasets/rmagnet_sma_dataset2/transmission_layer/220_2287_1196.png,/share/linmingheng-local/xuke/datasets/rmagnet_sma_dataset2/reflection_90/220_2287_1196.png,/share/linmingheng-local/xuke/datasets/rmagnet_sma_dataset2/dolp/220_2287_1196.png
220_2759_2380,validation,220,data_set2,416,368,/share/linmingheng-local/xuke/datasets/rmagnet_sma_dataset2/blended/220_2759_2380.png,/share/linmingheng-local/xuke/datasets/rmagnet_sma_dataset2/transmission_layer/220_2759_2380.png,/share/linmingheng-local/xuke/datasets/rmagnet_sma_dataset2/reflection_90/220_2759_2380.png,/share/linmingheng-local/xuke/datasets/rmagnet_sma_dataset2/dolp/220_2759_2380.png
220_3366_1568,validation,220,data_set2,448,448,/share/linmingheng-local/xuke/datasets/rmagnet_sma_dataset2/blended/220_3366_1568.png,/share/linmingheng-local/xuke/datasets/rmagnet_sma_dataset2/transmission_layer/220_3366_1568.png,/share/linmingheng-local/xuke/datasets/rmagnet_sma_dataset2/reflection_90/220_3366_1568.png,/share/linmingheng-local/xuke/datasets/rmagnet_sma_dataset2/dolp/220_3366_1568.png
220_3388_1051,validation,220,data_set2,464,400,/share/linmingheng-local/xuke/datasets/rmagnet_sma_dataset2/blended/220_3388_1051.png,/share/linmingheng-local/xuke/datasets/rmagnet_sma_dataset2/transmission_layer/220_3388_1051.png,/share/linmingheng-local/xuke/datasets/rmagnet_sma_dataset2/reflection_90/220_3388_1051.png,/share/linmingheng-local/xuke/datasets/rmagnet_sma_dataset2/dolp/220_3388_1051.png
25_2632_1310,validation,25,original-clean-v3,480,416,/share/linmingheng-local/xuke/datasets/rmagnet_sma_dataset2/blended/25_2632_1310.png,/share/linmingheng-local/xuke/datasets/rmagnet_sma_dataset2/transmission_layer/25_2632_1310.png,/share/linmingheng-local/xuke/datasets/rmagnet_sma_dataset2/reflection_90/25_2632_1310.png,/share/linmingheng-local/xuke/datasets/rmagnet_sma_dataset2/dolp/25_2632_1310.png
277_780_1906,validation,277,data_set2,480,400,/share/linmingheng-local/xuke/datasets/rmagnet_sma_dataset2/blended/277_780_1906.png,/share/linmingheng-local/xuke/datasets/rmagnet_sma_dataset2/transmission_layer/277_780_1906.png,/share/linmingheng-local/xuke/datasets/rmagnet_sma_dataset2/reflection_90/277_780_1906.png,/share/linmingheng-local/xuke/datasets/rmagnet_sma_dataset2/dolp/277_780_1906.png
36_1358_1020,validation,36,original-clean-v3,480,368,/share/linmingheng-local/xuke/datasets/rmagnet_sma_dataset2/blended/36_1358_1020.png,/share/linmingheng-local/xuke/datasets/rmagnet_sma_dataset2/transmission_layer/36_1358_1020.png,/share/linmingheng-local/xuke/datasets/rmagnet_sma_dataset2/reflection_90/36_1358_1020.png,/share/linmingheng-local/xuke/datasets/rmagnet_sma_dataset2/dolp/36_1358_1020.png
36_3167_913,validation,36,original-clean-v3,432,464,/share/linmingheng-local/xuke/datasets/rmagnet_sma_dataset2/blended/36_3167_913.png,/share/linmingheng-local/xuke/datasets/rmagnet_sma_dataset2/transmission_layer/36_3167_913.png,/share/linmingheng-local/xuke/datasets/rmagnet_sma_dataset2/reflection_90/36_3167_913.png,/share/linmingheng-local/xuke/datasets/rmagnet_sma_dataset2/dolp/36_3167_913.png
38_1684_1049,validation,38,original-clean-v3,528,368,/share/linmingheng-local/xuke/datasets/rmagnet_sma_dataset2/blended/38_1684_1049.png,/share/linmingheng-local/xuke/datasets/rmagnet_sma_dataset2/transmission_layer/38_1684_1049.png,/share/linmingheng-local/xuke/datasets/rmagnet_sma_dataset2/reflection_90/38_1684_1049.png,/share/linmingheng-local/xuke/datasets/rmagnet_sma_dataset2/dolp/38_1684_1049.png
38_2378_2514,validation,38,original-clean-v3,592,336,/share/linmingheng-local/xuke/datasets/rmagnet_sma_dataset2/blended/38_2378_2514.png,/share/linmingheng-local/xuke/datasets/rmagnet_sma_dataset2/transmission_layer/38_2378_2514.png,/share/linmingheng-local/xuke/datasets/rmagnet_sma_dataset2/reflection_90/38_2378_2514.png,/share/linmingheng-local/xuke/datasets/rmagnet_sma_dataset2/dolp/38_2378_2514.png
46_2710_2010,validation,46,original-clean-v3,416,480,/share/linmingheng-local/xuke/datasets/rmagnet_sma_dataset2/blended/46_2710_2010.png,/share/linmingheng-local/xuke/datasets/rmagnet_sma_dataset2/transmission_layer/46_2710_2010.png,/share/linmingheng-local/xuke/datasets/rmagnet_sma_dataset2/reflection_90/46_2710_2010.png,/share/linmingheng-local/xuke/datasets/rmagnet_sma_dataset2/dolp/46_2710_2010.png
47_1933_1506,validation,47,original-clean-v3,400,512,/share/linmingheng-local/xuke/datasets/rmagnet_sma_dataset2/blended/47_1933_1506.png,/share/linmingheng-local/xuke/datasets/rmagnet_sma_dataset2/transmission_layer/47_1933_1506.png,/share/linmingheng-local/xuke/datasets/rmagnet_sma_dataset2/reflection_90/47_1933_1506.png,/share/linmingheng-local/xuke/datasets/rmagnet_sma_dataset2/dolp/47_1933_1506.png
47_3404_1435,validation,47,original-clean-v3,240,864,/share/linmingheng-local/xuke/datasets/rmagnet_sma_dataset2/blended/47_3404_1435.png,/share/linmingheng-local/xuke/datasets/rmagnet_sma_dataset2/transmission_layer/47_3404_1435.png,/share/linmingheng-local/xuke/datasets/rmagnet_sma_dataset2/reflection_90/47_3404_1435.png,/share/linmingheng-local/xuke/datasets/rmagnet_sma_dataset2/dolp/47_3404_1435.png
52_1951_2372,validation,52,original-clean-v3,624,304,/share/linmingheng-local/xuke/datasets/rmagnet_sma_dataset2/blended/52_1951_2372.png,/share/linmingheng-local/xuke/datasets/rmagnet_sma_dataset2/transmission_layer/52_1951_2372.png,/share/linmingheng-local/xuke/datasets/rmagnet_sma_dataset2/reflection_90/52_1951_2372.png,/share/linmingheng-local/xuke/datasets/rmagnet_sma_dataset2/dolp/52_1951_2372.png
52_3280_765,validation,52,original-clean-v3,640,304,/share/linmingheng-local/xuke/datasets/rmagnet_sma_dataset2/blended/52_3280_765.png,/share/linmingheng-local/xuke/datasets/rmagnet_sma_dataset2/transmission_layer/52_3280_765.png,/share/linmingheng-local/xuke/datasets/rmagnet_sma_dataset2/reflection_90/52_3280_765.png,/share/linmingheng-local/xuke/datasets/rmagnet_sma_dataset2/dolp/52_3280_765.png
52_3646_1056,validation,52,original-clean-v3,320,608,/share/linmingheng-local/xuke/datasets/rmagnet_sma_dataset2/blended/52_3646_1056.png,/share/linmingheng-local/xuke/datasets/rmagnet_sma_dataset2/transmission_layer/52_3646_1056.png,/share/linmingheng-local/xuke/datasets/rmagnet_sma_dataset2/reflection_90/52_3646_1056.png,/share/linmingheng-local/xuke/datasets/rmagnet_sma_dataset2/dolp/52_3646_1056.png
66_1856_1441,validation,66,original-clean-v3,352,544,/share/linmingheng-local/xuke/datasets/rmagnet_sma_dataset2/blended/66_1856_1441.png,/share/linmingheng-local/xuke/datasets/rmagnet_sma_dataset2/transmission_layer/66_1856_1441.png,/share/linmingheng-local/xuke/datasets/rmagnet_sma_dataset2/reflection_90/66_1856_1441.png,/share/linmingheng-local/xuke/datasets/rmagnet_sma_dataset2/dolp/66_1856_1441.png
74_1488_1103,validation,74,original-clean-v3,336,576,/share/linmingheng-local/xuke/datasets/rmagnet_sma_dataset2/blended/74_1488_1103.png,/share/linmingheng-local/xuke/datasets/rmagnet_sma_dataset2/transmission_layer/74_1488_1103.png,/share/linmingheng-local/xuke/datasets/rmagnet_sma_dataset2/reflection_90/74_1488_1103.png,/share/linmingheng-local/xuke/datasets/rmagnet_sma_dataset2/dolp/74_1488_1103.png
86_2182_2052,validation,86,original-clean-v3,512,384,/share/linmingheng-local/xuke/datasets/rmagnet_sma_dataset2/blended/86_2182_2052.png,/share/linmingheng-local/xuke/datasets/rmagnet_sma_dataset2/transmission_layer/86_2182_2052.png,/share/linmingheng-local/xuke/datasets/rmagnet_sma_dataset2/reflection_90/86_2182_2052.png,/share/linmingheng-local/xuke/datasets/rmagnet_sma_dataset2/dolp/86_2182_2052.png
88_2497_942,validation,88,original-clean-v3,608,320,/share/linmingheng-local/xuke/datasets/rmagnet_sma_dataset2/blended/88_2497_942.png,/share/linmingheng-local/xuke/datasets/rmagnet_sma_dataset2/transmission_layer/88_2497_942.png,/share/linmingheng-local/xuke/datasets/rmagnet_sma_dataset2/reflection_90/88_2497_942.png,/share/linmingheng-local/xuke/datasets/rmagnet_sma_dataset2/dolp/88_2497_942.png
